letter,date,datestart,dateend,cicero_location,pleiades_cicero_loc_id,sender,correspondent,Correspondent location,pleiades_correspondent_loc_id,Correspondent's Transient Location,pleiades_correspondent_transient_loc_id,Other Personal Names,Inferred Names,Slaves and Freed People,Literary/Historical References,Other Locations in Letter,pleiades_other_letter_id,Peoples of a Nation,pleiades_peoples_id
Fam. 1.1,January 13 56 BCE,-1.13.56,-1.13.56,Rome,423025,Cicero,P. Lentulus Spinther,Cilicia,628957,,,Hammonius; Cn. Pompeius Magnus; Cn. Cornelius Lentulus Marcellinus; Marcus Licinius Crassus; Marcus Calpurnius Bibulus; Quintus Hortensius; Lucius Licinius Lucullus; Lucius Afranius; Lucius Volcatius Tullus; Publius Servilius Vatia Isauricus; P. Rutilius Lupus; L. Scribonius Libo; P. Plautius Hypsaeus,Ptolemy XII Auletes,,,,,,
Fam. 1.2,January 15 56 BCE,-1.15.56,-1.15.56,Rome,423025,Cicero,P. Lentulus Spinther,Cilicia,628957,,,Quintus Hortensius; Marcus Calpurnius Bibulus; Lucius Volcatius Tullus; Cn. Pompeius Magnus; P. Rutilius Lupus; Lucius Caninius Gallus; C. Porcius Cato; Cn. Cornelius Lentulus Marcellinus,Ptolemy XII Auletes,,,,,,
Fam. 1.3,January 56 BCE,-1.1.56,-1.31.56,Rome,423025,Cicero,P. Lentulus Spinther,Cilicia,628957,,,Aulus Trebonius; T. Ampius,,,,,,,
Fam. 1.4,January 17 56 BCE,-1.17.56,-1.17.56,Rome,423025,Cicero,P. Lentulus Spinther,Cilicia,628957,,,Marcus Calpurnius Bibulus;  Lucius Volcatius Tullus; Lucius Caninius Gallus; C. Porcius Cato; C. Scribonius Curio,,,,Alexandria,727070,,
Fam. 1.5a,February 1;7 56 BCE,-2.1.56,-2.7.56,Rome,423025,Cicero,P. Lentulus Spinther,Cilicia,628957,,,C. Porcius Cato; Q. Selicius,Ptolemy XII Auletes; Cn. Pompeius Magnus,,,Alexandria,727070,,
Fam. 1.5b,February 56 BCE post 9,-2.9.56,-2.28.56,Rome,423025,Cicero,P. Lentulus Spinther,Cilicia,628957,,,Cn. Pompeius Magnus; T. Annius Milo; C. Porcius Cato; Quintus Hortensius;  Lucius Licinius Lucullus,Ptolemy XII Auletes,,,Alexandria,727070,,
Fam. 1.6,middle of February 56 BCE,-2.15.56,-2.28.56,Rome,423025,Cicero,P. Lentulus Spinther,Cilicia,628957,,,C. Asinius Pollio,,,, ,,Greeks,1001896
Fam. 1.7,end of August 56 BCE,-8.20.56,-8.31.56,Rome,423025,Cicero,P. Lentulus Spinther,Cilicia,628957,,,Quintus Hortensius; Lucius Licinius Lucullus; L. Racilius; Cn. Pompeius Magnus; Lucius Caninius Gallus;  Ptolemy XII Auletes; T. Annius Milo; Publius Clodius Pulcher; C. Julius Caesar; P. Furius Crassipes; P. Cornelius Lentulus Spinther Minor,Tullia,,Sibyl,Alexandria; Cyprus; Ptolemais,727070; 981516; 639073,,
Fam. 1.8,January 55 BCE,-1.1.55,-1.31.55,Rome,423025,Cicero,P. Lentulus Spinther,Cilicia,628957,,,Cn. Pompeius Magnus; M. Plaetorius,C. Julius Caesar; Marcus Licinius Crassus,,,,,,
Fam. 1.9,December 54 BCE,-12.1.54,-12.31.54,Rome,423025,Cicero,P. Lentulus Spinther,Cilicia,628957,,,C. Julius Caesar; Appius Claudius Pulcher; P. Vatinius; P. Sextius; Marcus Calpurnius Bibulus; Cn. Cornelius Lentulus Marcellinus; Lucius Marcius Phillipus; Marcus Licinius Crassus; Quintus Tullius Cicero; L. Vibullius Rufus; Q. Metellus Numidicus; L. Metellus; M. Scaurus; Marcus Porcius Cato Uticensis; Aulus Gabinius; Furius Crassipes; Menocritus; Q. Mucius Scaevola,C. Porcius Cato; Publius Clodius Pulcher,Menocritus (slave or freedman of Spinther),Lucius Cornelius Cinna; Plato; Apelles; Publius Terentius Afer; Aristotle; Isocrates,Campania;  Africa; Luca; Sardinia; Ravenna; Hispania (Eastern Spain); all of Italy; Athens,991350; 775; 403234; 472014; 393480; 1027; 1052; 579885,,
Fam. 1.10,54 BCE,-1.1.54,-12.31.54,Rome,423025,Cicero,L. Valerius,Cilicia,628957,,,P. Lentulus Spinther,,,Ulysses ,Apulia,442469,,
Fam. 2.1,Early 53 BCE,-1.1.53,-2.28.53,Rome,423025,Cicero,C. Scribonius Curio,Asia,991380,,,,,,,,,,
Fam. 2.2,53 BCE (Feb?),-2.1.53,-2.28.53,Rome,423025,Cicero,C. Scribonius Curio,Asia,991380,,,,Caius Scribonius Curio Burbulieus,,,,,,
Fam. 2.3,53 BCE (Feb?),-2.1.53,-2.28.53,Rome,423025,Cicero,C. Scribonius Curio,Asia,991380,,,,,Rupa (freedman),,,,,
Fam. 2.4,53 BCE (May?),-5.1.53,-5.31.53,Rome,423025,Cicero,C. Scribonius Curio,Asia,991380,,,, ,,,,,,
Fam. 2.5,53 BCE (June?),-6.1.53,-6.30.53,Rome,423025,Cicero,C. Scribonius Curio,Asia,991380,,,,,,,,,,
Fam. 2.6,July 53 BCE,-7.1.53,-7.31.53,Rome,423025,Cicero,C. Scribonius Curio,NA,,from Asia to Italy,991380; 423025,Sextus Villius; T. Annius Milo,,,,Asia,991380,,
Fam. 2.7,December 19 51 BCE,-12.19.51,-12.19.51,Pindenissum,662197,Cicero,C. Scribonius Curio,Rome,423025,,,,,Thraso (freedman),,,,,
Fam. 2.8,July 6 51 BCE,-7.6.51,-7.6.51,Athens,579885,Cicero,M. Caelius Rufus,Rome,423025,,,Cn. Pompeius Magnus; Lucius Caninius Gallus,,Chrestus (agent of Caelius),,,,,
Fam. 2.9,October 7; 13 51 BCE,-10.7.51,-10.13.51,Mopsuhestia (Cilicia Compestris on both banks of the Pyramus),658538,Cicero,M. Caelius Rufus,Rome,423025,,,,Hirrus,,,,,,
Fam. 2.10,Novemeber 14; 51 BCE,-11.14.51,-11.14.51,Pindenissum,662197,Cicero,M. Caelius Rufus,Rome,423025,,,Hirrus; Marcus Calpurnius Bibulus; C. Cassius Longinus,,,Clitarchus; Darius III; Alexander the Great,Amanus; Antioch; Issus,658376; 658381; 658490,Parthians,952097
Fam. 2.11,April 4 50 BCE,-4.4.50,-4.4.50,Laodicae,897792,Cicero,M. Caelius Rufus,Rome,423025,,,Patiscus,,,,Caria,991381,,
Fam. 2.12,late June 50 BCE,-6.18.50,-6.30.50,Pyramus,658576,Cicero,M. Caelius Rufus,Rome,423025,,,Diogenes; Adjatorix,C. Scribonius Curio,Philo (freedman of Caelius),,Pessinus,652364,,
Fam. 2.13,early May 50 BCE,-5.1.50,-5.7.50,Laodicae,897792,Cicero,M. Caelius Rufus,Rome,423025,,,Appius Claudius Pulcher; Cn. Pompeius Magnus; Marcus Junius Brutus; Publius Cornelius Dolabella; C. Julius Caesar; C. Scribonius Curio,Claudia (daughter of Appius; the other two daughters' names are unknown),Phania (freedman of Appius),,Cilicia,628957,,
Fam. 2.14,mid March 50 BCE,-3.13.50,-3.18.50,Laodicae,897792,Cicero,M. Caelius Rufus,Rome,423025,,,Marcus Fadius Gallus,,,,,,,
Fam. 2.15,early August 50 BCE,-9.3.50,-9.15.50,Sida,494603,Cicero,M. Caelius Rufus,Rome,423025,,,C. Scribonius Curio; Publius Cornelius Dolabella; Tullia; C. Julius Caesar;  Appius Claudius Pulcher; Cn. Pompeius Magnus; Q. Cassius Longinus; Marcus Antonius; Quintus Tullius Cicero; C. Pomptinus; Ocella (L. Livius Ocella? Se<r>vius Ocella); Decimus Matrinius (?),Hirrus; Marcus Porcius Cato Uticensis,,,Asia; Mount Taurus,991380; 649792,,
Fam. 2.16,May 2; 3 49 BCE,-5.2.49,-5.3.49,Cumae,432808,Cicero,M. Caelius Rufus,Gaul,993,,,T. Ampius Balbus; Quintus Hortensius; Tullia; Publius Cornelius Dolabella; Marcus Curtius Postumus; Gaius Oppius,Marcus Tullius Cicero Minor,,,Italy; Spain; Rome,1052; 1027; 423025,,
Fam. 2.17,July 18 50 BCE,-7.18.50,-7.18.50,Tarsus,648789,Cicero,Cn. Sallustius,Syria,845004,,,Marcus Calpurnius Bibulus; Marius [Marcus or Sextus; Lucius (SB)]; Q. Minucius Thermus; Ariobarzanis,Marcus Tullius Cicero Minor; Quintus Tullius Cicero (nephew not brother); C. Caelius Caldus (Cicero's quaestor); L. Calpurnius Bibulus,,,Rhodes; Asia; Rome; Apamea; Laodicae; Antioch; Galla Transpadana,590031; 991380; 423025; 897711; 897792; 658381; 383801,Parthians,952097
Fam. 2.18,early May 50 BCE,-5.1.50,-5.15.50,Laodicae,897792,Cicero,Q. Minucius Thermus,Asia,991380,,,Rhodo; Aristo of Chios,Gaius Antonius,,,Cilicia,628957,,
Fam. 2.19,June 21 50 BCE,-6.21.50,-6.21.50,Pyramus,658576,Cicero,C. Caelius Caldus,NA,,to Cilicia,628957,Marcus Tullius Cicero (father); Marcus Tullius Cicero (grandfather); Lucius Caelius Caldus; C. Caelius Caldus (grandfather); C. Vergilius; Curius,,,,,,,
Fam. 3.1,52 BCE,-1.1.52,-12.31.52,Rome,423025,Cicero,Appius Claudius Pulcher,Cilicia,628957,,,L. Valerius,,Phania (freedman of Appius); Cilix (freedman of Appius),,,,,
Fam. 3.2,February; March 51 BCE ,-2.1.51,-3.31.51,Rome,423025,Cicero,Appius Claudius Pulcher,Cilicia,628957,,,,,,,,,,
Fam. 3.3,May 24 51 BCE,-5.24.51,-5.24.51,Brundisium,442509,Cicero,Appius Claudius Pulcher,Cilicia,628957,,,Q. Fabius Vergilianus;  Marcus Calpurnius Bibulus; Servius Sulpicius Lemonia Rufus; C. Pomptinus,,,,,,,
Fam. 3.4,June 5 51 BCE,-6.5.51,-6.5.51,Brundisium,442509,Cicero,Appius Claudius Pulcher,Cilicia,628957,,,L. Clodius; Q. Fabius Vergilianus; C. Valerius Flaccus; Lucius Valerius Flaccus (father); M. Octavius; Gnaeus Octavius (father); Marcus Junius Brutus; Cn. Pompeius Magnus,Claudia (daughter of Appius); Cn. Pompeius (son of Pompey) ,,,,,,
Fam. 3.5,July 27 51 BCE,-7.27.51,-7.27.51,Tralles,599987,Cicero,Appius Claudius Pulcher,Cilicia,628957,,,L. Lucilius; L. Clodius; Q. Mucius Scaevola,,Phania (freedman of Appius),,Brundisium; Sida; Laodicae; Corcyra; Iconium; Ephesus,442509; 494603; 897792; 530834; 648647; 599612,,
Fam. 3.6,August 29 51 BCE,-8.29.51,-8.29.51,Iconium,648647,Cicero,Appius Claudius Pulcher,Tarsus,648789,,,L. Clodius; D. Antonius,,Phania (freedman of Appius),,Brundisium; Corcyra; Sida; Laodicae; Rome; Cilicia; Cappadocia,442509; 530834; 494603; 897792; 423025; 628957; 628949,,
Fam. 3.7,after February 11 50 BCE,-2.11.50,-2.28.50,Laodicae,897792,Cicero,Appius Claudius Pulcher,Rome,423025,,,Marcus Junius Brutus; P. Lentulus Spinther; T. Ampius; Marcus Terentius Varro; Q. Lepta; Cn. Pompeius Magnus; Athenodorus Cananites; Sandon,,Pausanias (freedman of Lentulus),,Appia;  Cilicia; Iconium,609314; 628957; 648647,,
Fam. 3.8,October 8 51 BCE,-10.8.51,-10.8.51,Mopsuhestia (Cilicia Compestris on both banks of the Pyramus),658538,Cicero,Appius Claudius Pulcher,Rome,423025,,,L. Clodius; Q. Hortensius; Cn. Pompeius Magnus,,,,Apamaea; Midaeum; Samos; Taurus; Laodicea; Iconium; Synnada;  Philomelium; Corcyra; Tarsus; Brundisium; Syria; Spain; Cibyra; Amanus,897711; 609473; 599926; 148211; 897792; 648647; 609538; 609501; 530834; 648789; 442509; 845004; 1027; 638804; 658376,Arabs; Parthians,29475;  952097
Fam. 3.9,50 BCE (Feb?),-2.20.50,-2.28.50,Laodicae,897792,Cicero,Appius Claudius Pulcher,Rome,423025,,,Cn. Pompeius Magnus,,Philotimus (Cicero's freedman),,Asia,991380,,
Fam. 3.10,early April 50 BCE,-4.1.50,-4.15.50,Laodicae,897792,Cicero,Appius Claudius Pulcher,Rome,423025,,,Q. Servilius; Cn. Pompeius Magnus; C. Pomptinus; Marcus Junius Brutus; M. Caelius Rufus; Quintus Tullius Cicero; T. Annius Milo,Publius Cornelius Dolabella; P. Clodius Pulcher; Tullia; Claudia; Gnaeus Pompeius,,,Ephesus; Epictetus; Puteoli,599612; 550759; 432815,Phrygian; Lycaonian,609502; 648698
Fam. 3.11,June 26 50 BCE,-6.26.50,-6.26.50,Pyramus River,658576,Cicero,Appius Claudius Pulcher,Rome,423025,,,Q. Servilius; Cn. Pompeius Magnus; Marcus Junius Brutus; C. Valerius Flaccus; Decimus Tullius ,,,L. Cornelius Sulla Felix; Aristarchus of Samothrace; Homer; Appius Claudius Caecus,Tarsus; Asia,648789; 991380,,
Fam. 3.12,August 3 50 BCE,-8.3.50,-8.3.50,Sida ,494603,Cicero,Appius Claudius Pulcher,Rome,423025,,,Tullia; Q. Servilius,Publius Cornelius Dolabella,,,,,,
Fam. 3.13,middle of August 50 BCE,-8.13.50,-8.18.50,Rhodes,590031,Cicero,Appius Claudius Pulcher,Rome,423025,,,,Publius Cornelius Dolabella,,,,,,
Fam. 4.1,April 20 49 BCE,-4.20.49,-4.20.49,Cumae,432808,Cicero,Servius Sulpicius Rufus,Rome,423025,,,Gauis Trebatius Testa,,,,Spains,1027,,
Fam. 4.2,April 28 49 BCE,-4.28.49,-4.28.49,Cumae,432808,Cicero,Servius Sulpicius Rufus,Rome,423025,,,Postumia (wife of Servius); Servius Sulpicius Rufus Minor; C. Julius Caesar,,Philotimus,,,,,
Fam. 4.3,early September 46 BCE,-9.1.46,-9.15.46,Rome,423025,Cicero,Servius Sulpicius Rufus,Achaia,573049,,,C. Julius Caesar; Servius Sulpicius Rufus Minor,,,,,,,
Fam. 4.4,late September; early October 46 BCE,-9.20.46,-10.10.46,Rome,423025,Cicero,Servius Sulpicius Rufus,Achaia,573049,,,M. Claudius Marcellus; C. Julius Caesar; L. Calpurnius Piso Caesoninus; C. Claudius Marcellus Minor; Lucius Volcatius Tullus; Servius Sulpicius Rufus Minor,,,,,,,
Fam. 4.5,middle of March 45 BCE,-3.13.45,-3.18.45,Athens,579885,Servius Sulpicius Rufus,Cicero,Astura,432703,,,Tullia,Publius Cornelius Dolabella; Furius Crassipes; C. Calpurnius Piso Frugi,,,Asia; Aegina; Megara; Piraeus; Corinth; Rome,991380; 579844; 570468; 580062; 570182; 423025,,
Fam. 4.6,middle of April 45 BCE,-4.13.45,-4.18.45,Astura,432703,Cicero,Servius Sulpicius Rufus,Achaia,573049,,,Servius Sulpicius Rufus Minor; L. Aemilius Paullus Macedonicus ,,,Q. Fabius Maximus Cunctator; Marcus Porcius Cato; C. Sulpicius Gallus ,,,,
Fam. 4.7,September 46 BCE,-9.1.46,-9.30.46,Rome,423025,Cicero,M. Claudius Marcellus,Mytilene,550763,,,Cn. Pompeius Magnus; C. Claudius Marcellus (Marcus' cousin and not brother; cos 50),,,,Africa; Rhodes,775; 590031,,
Fam. 4.8,August 46 BCE,-8.1.46,-8.31.46,Rome,423025,Cicero,M. Claudius Marcellus,Mytilene,550763,,,,,,,,,,
Fam. 4.9,September 46 BCE,-9.1.46,-9.30.46,Rome,423025,Cicero,M. Claudius Marcellus,Mytilene,550763,,,Q. Mucius Scaevola;  C. Claudius Marcellus,Cn. Pompeius Magnus,Theophilus (Marcellus' freedman),,,,,
Fam. 4.10,December 46 BCE,-12.1.46,-12.31.46,Rome,423025,Cicero,M. Claudius Marcellus,Mytilene,550763,,,,,Theophilus,,,,,
Fam. 4.11,middle of October 46 BCE,-10.13.46,-10.18.46,Mytilene,550763,M. Marcellus,Cicero,Rome,423025,,,C. Claudius Marcellus,,,,,,,
Fam. 4.12,May 31 45 BCE,-6.31.45,-6.31.45,Athens,579885,Servius Sulpicius Rufus,Cicero,Tusculum,423108,,,M. Claudius Marcellus (cos 5 1); Manlius Acidinus; P. Postumius; P. Magius Cilo,,,,Piraeus; Epidaurus; Boetia; Cape Malea; Italy; Academy (northside of Athens),580062; 197263; 540689; 570455; 1052; 579885,,
Fam. 4.13,August 46 BCE,-8.1.46,-8.31.46,Rome,423025,Cicero,P. Nigidius Figulus,Exile (Unknown),,,,C. Julius Caesar,,,,,,,
Fam. 4.14,January 45 BCE,-1.1.45,-1.31.46,Rome,423025,Cicero,Cn. Plancius,Corcyra,530834,,,,Publilia,,,,,,
Fam. 4.15,January 45 BCE,-1.1.45,-1.31.45,Rome,423025,Cicero,Cn. Plancius,Corcyra,530834,,,,,,,,,,
Fam. 5.1,January 12 62 BCE,-1.12.62,-1.12.62,Cisalpine Gaul,383801,Q. Metellus Celer,Cicero,Rome,423025,,,,Q. Metellus Nepos (brother),,,,,,
Fam. 5.2,January 62 BCE,-1.13.62,-1.31.62,Rome,423025,Cicero,Q. Metellus Celer,Cisalpine Gaul,383801,,,Q. Metellus Nepos (brother); Clodia (Celer's wife); Mucia (Celer's sister and wife of Pompey); Cn. Pompeius Magnus,C. Antonius Hybrida,,,Italy,1052,,
Fam. 5.3,April 56 BCE,-4.1.56,-4.30.56,Spain,1027,Q. Metellus Celer,Cicero,Rome,423025,,,,Publius Clodius Pulcher;  Q. Metellus Nepos (brother),,,,,,
Fam. 5.4,Early 57 BCE,-1.1.57,-3.31.57,Dyrrachium,573193,Cicero,Q. Metellus Celer,Rome,423025,,,Quintus Tullius Cicero; T. Pomponius Atticus,P. Lentulus Spinther,,,,,,
Fam. 5.5,January 62 BCE,-1.1.62,-1.31.62,Rome,423025,Cicero,C. Antonius Hybrida,Macedonia,981531,,,T. Pomponius Atticus,,,,,,,
Fam. 5.6,December 62 BCE (after 10),-12.10.62,-12.31.62,Rome,423025,Cicero,P. Sestius,Macedonia,981531,,,Cornelia (wife of Sestius); Terentia; Q. Fufius Calenus; Q. Cornelius (brother of Cornelia; son of C. Cornelius Scipio);  Marcus Licinius Crassus; C. Antonius Hybrida,,Decius (librarius),,,,,
Fam. 5.7,April 62 BCE ,-4.1.62,-4.30.62,Rome,423025,Cicero,Cn. Pompeius Magnus,Asia,991380,,,,,,P. Cornelius Scipio Aemilianus Africanus Minor; C. Laelius,,,,
Fam. 5.8,January 54 BCE post 13,-1.13.54,-1.31.54,Rome,423025,Cicero,Marcus Licinius Crassus,NA,,from Rome to Syria,423025; 845004,Marcus Licinius Crassus Minor; Publius Licinius Crassus,L. Domitius Ahenobarbus; Appius Claudius Plucher; Tertulla,,,,,,
Fam. 5.9,July 11 45 BCE,-7.11.45,-7.11.45,Narona,197400,Publius Vatinius,Cicero,Rome,423025,,,,Licinius Calvus,Dionysius (Cicero's runaway slave),,Dalmatia,197240,Vardaei,197136
Fam. 5.10a,January 44 BCE,-1.1.44,-1.31.44,Narona,197400,Publius Vatinius,Cicero,Rome,423025,,,Catilius; Sextus Servilius; Appius Claudius Pulcher; Q. Volusius (Saturninus); C. Julius Caesar,,Dionysius (Cicero's runaway slave),,Dalmatia,197240,,
Fam. 5.10b,December 5 45 BCE,-12.5.45,-12.5.45,Narona,197400,Publius Vatinius,Cicero,Rome,423025,,,C. Julius Caesar,,,,Dalmatia; Ulcinium,197240; 481931,,
Fam. 5.11,early December 45 BCE,-12.1.45,-12.15.45,Rome,423025,Cicero,Publius Vatinius,Illyricum,481865,,,Pompeia (Vatinius' wife),,Sura (freedman of V?); Dionysius (Cicero's runaway slave),,,,Dalmatians,197240
Fam. 5.12,April 12 55,-4.12.55,-4.12.55,Antium,422837,Cicero,L. Lucceius,Rome,423025,,,,,,Callisthenes; Timaeus; Polybius; Xenophon; Hercules; Epaminondas; Themistocles; Alexander the Great; Apelles; Lysippus; Agesilaus; Timoleon; Herodotus; Homer; Achilles; Naevius; Hector,Mantinea; Sparta; Sigaeum,570459; 570685; 550877,,
Fam. 5.13,Summer; Autumn 46 BCE,-6.1.46,-10.31.46,Tusculum,423108,Cicero,L. Lucceius,Rome,423025,,,,,,,,,,
Fam. 5.14,May 9 45 BCE,-5.9.45,-5.9.45,Rome,423025,L. Lucceius,Cicero,Astura,432703,,,Marcus Tullius Cicero (father); Q. Lucceius (father),,,,,,,
Fam. 5.15,May 10; 12 45 BCE,-5.10.45,-5.12.45,Astura,432703,Cicero,L. Lucceius,Rome,423025,,,,,,,Tusculum; Puteoli,423108; 432815,,
Fam. 5.16,summer; autumn 46 BCE,-6.1.46,-10.31.46,Rome,423025,Cicero,Unknown Titius,Unknown,,,,,Titius' wife,,,,,,
Fam. 5.17,56 BCE,-1.1.56,-12.31.56,Rome,423025,Cicero,P. Sittius of Nuceria,Exile in Maurentania?,295363,,,Publius Sittius Minor,P. Cornelius Sulla,,,,,,
Fam. 5.18,after late March 52 BCE,-3.20.52,-12.31.52,Rome,423025,Cicero,T. Fadius,Exile in Italy,1052,,,,Cn. Pompeius Magnus,,,,,,
Fam. 5.19,April 28 49 BCE,-4.28.49,-4.28.49,Cumae,432808,Cicero,L. Mescinius Rufus,Rome,423025,,,,,,,,,,
Fam. 5.20,January 4; 7 49 BCE,-1.4.49,-1.7.49,Near Rome,423025,Cicero,L. Mescinius Rufus,Rome,423025,,,M. Mindius; Q. Volusius; C. Camilius; M. Valerius Messalla Rufus; Q. Lepta; T. Marius; L. Lucceius; Cn. Pompeius Magnus; M. Anneius; P. Sestius,,M. Tullius Laurea (Cicero's freedman),,Laodicea; Apamea; Ephesus; Myrina,897792; 897711; 599612; 550755,,
Fam. 5.21,mid April 46 BCE,-4.13.46,-4.18.46,Rome,423025,Cicero,L. Mescinius Rufus,Campania,991350,,,,Cn. Pompeius Magnus,,,Africa,775,,
Fam. 6.1,early January 45 BCE,-1.1.45,-1.10.45,Rome,423025,Cicero,Aulus Manlius Torquatus,Athens,579885,,,Servius Sulpicius Rufus,C. Julius Caesar,,,,,,
Fam. 6.2,post April 20 45 BCE,-4.20.45,-4.31.45,Astura,432703,Cicero,Aulus Manlius Torquatus,Athens,579885,,,Marcus Antonius,,,,Rome,423025,,
Fam. 6.3,mid January 45 BCE,-1.13.45,-1.18.45,Rome,423025,Cicero,Aulus Manlius Torquatus,Athens,579885,,,,,,,,,,
Fam. 6.4,late January 45 BCE,-1.18.45,-1.31.45,Rome,423025,Cicero,Aulus Manlius Torquatus,Athens,579885,,,Servius Sulpicius Rufus,C. Julius Caesar,,,,,,
Fam. 6.5,January 45 BCE,-1.1.45,-1.31.45,Rome,423025,Cicero,Aulus Caecina,Sicily,462492,,,,Caecina's son,,,,,,
Fam. 6.6,October 46 BCE,-10.1.46,-10.31.46,Rome,423025,Cicero,Aulus Caecina,Sicily,462492,,,Cn. Pompeius Magnus; C. Julius Caesar; Marcus Junius Brutus; Servius Sulpicius Rufus; M. Claudius Marcellus; C. Cassius Longius,Caecina of Volaterrae (father),,Amphiaraus,Asia; Spain; Italy (Adriatic shore); Etruria; Volaterrae; Gaul; Greece,991380; 1027; 1052; 413122; 403292; 993;1001896,,
Fam. 6.7,December 46 BCE,-12.1.46,-12.31.46,Sicily,462492,Aulus Caecina,Cicero,Rome,423025,,,C. Julius Caesar,Aulus Caecina Minor,,,Asia,991380,,
Fam. 6.8,December 46 BCE,-12.1.46,-12.31.46,Rome,423025,Cicero,Aulus Caecina,Sicily,462492,,,(Caecinus) Largus; Lucius Cornelius Balbus; Gaius Oppius; C. Julius Caesar; T. Furfanius Postumus,,,,Asia; Mutina,991380; 383715,,
Fam. 6.9,December 46 BCE,-12.1.46,-12.31.46,Rome,423025,Cicero,T. Furfanius Postumus,Sicily,462492,,,Aulus Caecina,Caecina of Volaterrae (father),,,,,,
Fam. 6.10a,September 46 BCE,-9.1.46,-9.30.46,Rome,423025,Cicero,Trebanius,Exile (Unknown),,,,Postumulenus; P. Sestius; T. Pomponius Atticus; C. Julius Caesar,,Theudas (Trebanius' freedman),,,,,
Fam. 6.10b,September 46 BCE,-9.1.46,-9.30.46,Rome,423025,Cicero,Trebanius,Exile (Unknown),,,,,,,,,,,
Fam. 6.11,middle of June 45 BCE,-6.13.45,-6.18.45,Rome,423025,Cicero,Trebanius,Exile (Unknown),,,,Publius Cornelius Dolabella; Vestorius (banker in Puteoli); Siro the Epicurean (Syro/Siron/Syron),,,,,,,
Fam. 6.12,September 46 BCE,-9.1.46,-9.30.46,Rome,423025,Cicero,Ampius Balbus,NA,,returning from exile to Rome,unknown; 423025,C. Julius Caesar; C. Vibius Pansa; Aulus Hirtius; L. Cornelius Balbus; Gaius Oppius; M. Curtius Postumus; L. Tillius Cimber; Eppulieia (Ampius' wife); Ampia (daughter),,,,,,,
Fam. 6.13,August; September 46 BCE,-8.1.46,-9.30.46,Rome,423025,Cicero,Q. Ligarius,in exile Africa (province),991341,,,C. Julius Caesar ,,,,Africa,775,,
Fam. 6.14,September 24 56 BCE,-9.24.56,-9.24.56,Rome,423025,Cicero,Q. Ligarius,in exile Africa (province),991341,,,C. Julius Caesar,,,,,,,
Fam. 6.15,March 15 44 BCE,-3.15.44,-3.15.44,Rome,423025,Cicero,L. Minucius Basilus,Rome,423025,,,,,,,,,,
Fam. 6.16,March 44 BCE (post 15),-3.15.44,-3.31.44,Sicily,462492,Aulus Pompeius Bithynicus,Cicero,Rome,423025,,,,,,,,,,
Fam. 6.17,April 44 BCE,-4.1.44,-4.30.44,Campania,991350,Cicero,Aulus Pompeius Bithynicus,Sicily,462492,,,,Quintus Pompeius,,,,,,
Fam. 6.18,January 45 BCE,-1.1.45,-1.31.45,Rome,423025,Cicero,Q. Lepta,Unknown,,,,L. Cornelius Balbus; Cn. Pompeius Magnus; C. Julius Caesar; L. Junius Paciaecus; M. Valerius Messala; Quintus Salassus; Publius Curtius; Tullia; Publius Cornelius Dolabella; Quintus Lepta Minor; Servius Sulpicius Galba,Ruspina,Seleucus (Lepta's freedman),,Spain,1027,Spainards,1027
Fam. 6.19,August 25; 29 45 BCE,-8.25.45,-8.29.45,Astura,432703,Cicero,Q. Lepta,Rome,423025,,,P. Pompeius Macula; Lucius Cornelius Balbus; Gaius Oppius; C. Julius Caesar,,,,Falernum; Petro (Sinuessa),432828; 433122,,
Fam. 6.20,July 45 BCE,-7.1.45,-7.31.45,Tusculum,423108,Cicero,C. Toranius,Corcyra,530834,,,Cn. Plancius; C. Julius Caesar,,Cilo (possibly a freedman),,,,,
Fam. 6.21,January 45 BCE,-1.1.45,-1.31.45,Rome,423025,Cicero,C. Toranius,Corcyra,530834,,,Domitii; Lentulii,L. Domitius Ahenobarbus; L. Cornelius Lentulus Crus,,,,,,
Fam. 6.22,May 46 BCE,-5.1.46,-5.30.46,Rome,423025,Cicero,Cn. Domitius Ahenobarbus,Italy,1052,,,,Porcia; Aemilia Lepida,,,,,,
Fam. 7.1,September 55 BCE,-9.1.55,-9.30.55,Rome,423025,Cicero,M. Marius,Cumae,432808,,,Spurius Maecius Tarpa; Aesop (tragic actor); Cn. Pompeius Magnus; L. Gallus Caninius,,Protogenes (Marius' reader),,Stabiae; Greece; Osci ,433128; 1001896; 991350,,
Fam. 7.2,January; February 51 BCE,-1.1.51,-2.28.51,Rome,423025,Cicero,M. Marius,Campania,991350,,,T. Munatius Plancus Bursa; Publius Clodius Pulcher,T. Annius Milo; Cn. Pompeius Magnus,,,,,,
Fam. 7.3,mid April 46 BCE,-4.13.46,-4.18.46,Rome,423025,Cicero,M. Marius,Pompeii,433032,,,C. Claudius Marcellus Maior; L. Cornelius Lentulus Crus; Cn. Pompeius Magnus; Juba I of Numidia,C. Julius Caesar,,,Italy; Rhodes; Mytilene,1052; 590031; 550763,,
Fam. 7.4,November 16 46 BCE,-11.16.46,-11.16.46,Cumae,432808,Cicero,M. Marius,Stabiae,433128,,,L. Scribonius Libo,,,,Pompeii,433032,,
Fam. 7.5,April 54 BCE,-4.1.54,-4.30.54,Rome,423025,Cicero,C. Julius Caesar,Cisalpine Gaul,383801,,,C. Trebatius Testa; Cn. Pompeius Magnus; L. Cornelius Balbus; T. Annius Milo; Q. Lepta,C. Rabirius Postumus ,,,,,,
Fam. 7.6,May 54 BCE,-5.1.54,-5.31.54,Cumae,432808,Cicero,C. Trebatius Testa,Gaul,993,,,C. Julius Caesar; L. Cornelius Balbus,,,Medea,Corinth; Britain; Rome (urbs),570182; 981513; 423025,,
Fam. 7.7,June 28; Jul 3 54 BCE,-6.28.54,-7.3.54,Rome,423025,Cicero,C. Trebatius Testa,Gaul,993,,,Quintus Tullius Cicero; L. Cornelius Balbus; C. Julius Caesar,,,,Britain,981513,,
Fam. 7.8 ,later half of September 54 BCE,-9.15.54,-9.30.54,Rome,423025,Cicero,C. Trebatius Testa,Gaul,993,,,C. Julius Caesar; Vacerra (jurist); Manlius (jurist); Q. Cornelius (lawyer and Trebatius' tutor); Precianus (jurist),,,,Britain,981513,,
Fam. 7.9,later half October 54 BCE,-10.15.54,-10.31.54,Rome,423025,Cicero,C. Trebatius Testa,Gaul,993,,,Quintus Tullius Cicero; L. Cornelius Balbus; Cn. Octavius; C. Julius Caesar,Vacerra,,,,,,
Fam. 7.10,December 54 BCE,-12.1.54,-12.31.54,Rome,423025,Cicero,C. Trebatius Testa,Gaul,993,,,C. Julius Caesar,,,P. Mucius Scaevola; Manius Manlius,Britain,981513,Aedui,177533
Fam. 7.11,late January 53 BCE,-1.15.53,-1.31.53,Tusculum,423108,Cicero,C. Trebatius Testa,Gaul,993,,, C. Julius Caesar; D. Laberius (mime writer); Valerius (mime writer),,,,Tusculum; Britain,423108; 981513,Samarobrivas (Gallia Belgica),109321
Fam. 7.12,February 53 BCE,-2.1.53,-2.28.53,Rome,423025,Cicero,C. Trebatius Testa,Gaul,993,,,C. Vibius Pansa; Selius (Epicurean),,,,Samarobriva; Tarentum; Ulubrae (Pomptinae Paludes),109321; 442810; 433033,,
Fam. 7.13,March 4 53 BCE,-3.4.53,-3.4.53,Rome,423025,Cicero,C. Trebatius Testa,Gaul,993,,,C. Julius Caesar,,,,,,Treviri,109390
Fam. 7.14,April; May 53 BCE,-4.1.53,-5.31.53,Rome,423025,Cicero,C. Trebatius Testa,Samarobriva,109321,,,Cyrus (an architect whom Cicero always employed); C. Julius Caesar; Chrysippus Vettius,,,,Britain,981513,,
Fam. 7.15,June 53 BCE,-6.1.53,-6.30.53,Rome,423025,Cicero,C. Trebatius Testa,Gaul,993,,,C. Matius,,,,,,,
Fam. 7.16,November 54 BCE,-11.1.54,-11.30.54,Rome,423025,Cicero,C. Trebatius Testa,Samarobriva,109321,,,Cn. Octavius; L. Cornelius Balbus,,,,Britain; Italy (Luca); Samarobriva,981513; 403234; 109321,,
Fam. 7.17,October 54 BCE,-10.1.54,-10.31.54,Rome,423025,Cicero,C. Trebatius Testa,Gaul,993,,,Quintus Tullius Cicero; C. Julius Caesar; Q. Cornelius (Trebatius' tutor),Ptolemy XII Auletes,,,Alexandria; Britain,727070; 981513,,
Fam. 7.18,April 8 53 BCE,-4.8.53,-4.8.53,Ager Pomptinus,433034,Cicero,C. Trebatius Testa,Gaul,993,,,L. Cornelius Balbus; M. Aemilius Philemon; L. Arruntius,,,,Ulubrae,433033,,
Fam. 7.19,July 28 44 BCE,-7.28.44,-7.28.44,Rhegium,511397,Cicero,C. Trebatius Testa,Rome,423025,,,,,,Aristotle,Velia,452488,,
Fam. 7.20,July 20 44 BCE,-7.20.44,-7.20.44,Velia,452488,Cicero,C. Trebatius Testa,Rome,423025,,, Q. Caecilius Bassus; Sextus Fadius,,Rufio (manumitted by Trebatius),Nicon; L. Papirius Cursor,Hales River,442609,,
Fam. 7.21,late June 44 BCE,-6.15.44,-6.30.44,Tusculum,423108,Cicero,C. Trebatius Testa,Rome,423025,,,P. Silius Nerva; Marcus Junius Brutus; Aulus Ofilius,Turpilia,,,,,,
Fam. 7.22,June 44 BCE,-6.1.44,-6.30.44,Tusculum,423108,Cicero,C. Trebatius Testa,Rome,423025,,,Q. Mucius Scaevola,,,Sextus Aelius Paetus Catus; Manius Manilius; Marcus Junius Brutus,,,,
Fam. 7. 23,December 46 BCE,-12.1.46,-12.31.46,Rome,423025,Cicero,M. Fadius Gallus,Rome,423025,,,Damasippus; Quintus Caecilius Metellus Scipio; Tullia; L. Cassius Longinus; Licinia (Cassius' sister); Dexius (Licinia's husband); Curtius Nicias of Cos,,C. Avianius Evander (Freedman of M. Aemilius Avianianus); Junius (M. Fadius Gallus' freedman),,Arpinum; Tarracina,432700; 433143,,
Fam. 7.24,August 22 45 BCE,-8.22.45,-8.22.45,Tusculum,423108,Cicero,M. Fadius Gallus,Rome,423025,,,Tigellius (Sardinian musician); C. Julius Caesar;  Gaius Licinius Macer Calvus; Phamea (grandfather or uncle of Tigellius); P. Sestius; Marcus Porcius Cato Uticensis,,,Cipius Pararhenchon; Hipponax of Ephesus,,,Sardinians ,472014
Fam. 7. 25,August 23 45 BCE,-8.23.45,-8.23.45,Tusculum,423108,Cicero,M. Fadius Gallus,Rome,423025,,,Marcus Porcius Cato Uticensis,Tigellius; C. Julius Caesar,Apella (Gallus' freedman),,,,,
Fam. 7.26,October 46 BCE; February 45 BCE,-10.31.46,-2.1.45,Tusculum,423108,Cicero,M. Fadius Gallus,Rome,423025,,,P. Cornelius Lentulus Spinther the Younger; C. Anicius,,,Epicurus,,,,
Fam. 7.27,early 49 BCE,-1.1.49,-3.31.49,Italy,1052,Cicero,T. Fadius,Exile in Italy,1052,,,C. Julius Caesar,,,,,,,
Fam. 7.28,August 46 BCE,-8.1.46,-8.31.46,Rome,423025,Cicero,Manius Curius,Achaia,573049,,,,C. Julius Caesar,,Sons of Pelops,Peloponnese; Patrae; Greece,570577;  570567; 1001896,,
Fam. 7.29,October 29 45 BCE,-10.29.45,-10.29.45,Patrae,570567,Manius Curius,Cicero,Rome,423025,,,T. Pomponius Atticus; Servius Sulpicius Rufus,Manius Acilius Glabrio,Tiro,,,,,
Fam. 7.30,January 44 BCE,-1.1.44,-1.31.44,Rome,423025,Cicero,Manius Curius,Patrae,570567,,,Q. Fabius Maximus; C. Caninius Rebilus; T. Pomponius Atticus; Manius Acilius Glabrio,C. Julius Caesar,,Son of Pelops,Campus Martius; Greece,422863; 1001896,,
Fam. 7. 31,February 44 BCE,-2.1.44,-2.28.44,Rome,423025,Cicero,Manius Curius,Patrae,570567,,,Manius Acilius Glabrio; T. Pomponius Atticus; Servius Sulpicius Rufus,,,,,,,
Fam. 7.32,February; March 50 BCE,-2.11.50,-3.31.50,Laodicae,897792,Cicero,P. Voluminius Eutrapelus,Rome,423025,,,P. Sestius; Selius (orator); Publius Cornelius Dolabella,,,Antonius (a character in De Oratore),,,,
Fam. 7.33,July 46 BCE (post 26),-7.26.46,-7.31.46,Rome,423025,Cicero,P. Voluminius Eutrapelus,Rome,423025,,,Aulus Hirtius; C. Cassius Longinus; Publius Cornelius Dolabella; C. Julius Caesar,,,Philoctetes; Lucius Accius,,,,
Fam. 8.1,May 24 51 BCE,-5.24.51,-5.24.51,Rome,423025,M. Caelius Rufus,Cicero,NA,,Rome (423025),Cilicia (628957),M. Claudius Marcellus; Cn. Pompeius Magnus; C. Julius Caesar; L. Domitius Ahenobarbus; Q. Pompeius Rufus; T. Munatius Plancus Bursa,,,,Cumae; Gallic Provinces; Bauli (Campania); Ravenna,432808: 993; 432720; 393480,Transpadani; Bellovaci,383801; 108803
Fam. 8.2,early June 51 BCE,-6.1.51,-6.12.51,Rome,423025,M. Caelius Rufus,Cicero,NA,,Rome (423025),Cilicia (628957),Quintus Hortensius; C. Scribonius Curio; M. Claudius Marcellus; M. Octavius; Cn. Octavius; C. Hirrus; L. Castrinius Paetus; Sittius (Caelius' agent),M. Valerius Messalla,,,,,,
Fam. 8.3,June 51 BCE (after 11),-6.11.51,-6.30.51,Rome,423025,M. Caelius Rufus,Cicero,NA,,Rome (423025),Cilicia (628957),C. Hirrus;  M. Octavius; T. Annius Milo,,Philotimus (Terentia),,,,,
Fam. 8.4,August 1 51 BCE,-8.1.51,-8.1.51,Rome,423025,M. Caelius Rufus,Cicero,Cilicia,628957,,,M. Valerius Messalla; C. Claudius Marcellus Minor; M. Calidius;  Publius Cornelius Dolabella; Lucius Cornelius Lentulus Crus; Servaeus; C. Scribonius Curio; C. Julius Caesar; Lollii; Antonii; Hirrus; M. Coelius Vincianus; Cn. Pompeius Magnus; L. Aemilius Paullus; Publius Sittius,Ptolemy XIII Auletes; Pothinus; M. Antonius; M. Lollius(?),,,Gaul; Ariminum; Alexandria,993; 393379; 727070,men from Cibyra,638804
Fam. 8.5,September 3; 13 51 BCE,-9.3.51,-9.13.51,Rome,423025,M. Caelius Rufus,Cicero,Cilicia,628957,,,M. Claudius Marcellus; C. Scribonius Curio; C. Julius Caesar,,,,Gallic Provinces,993,Parthian,952097
Fam. 8.6,February 50 BCE,-2.1.50,-2.28.50,Rome,423025,M. Caelius Rufus,Cicero,Cilicia,628957,,, Appius Claudius Pulcher; Publius Cornelius Dolabella; Cn. Pompeius Magnus;  C. Scribonius Curio; Marcus Calpurnius Bibulus; Publius Servilius Rullus,Tullia; Gn. Pompeius (son of Magnus); Sextus Pompeius (son of Magnus),,,Mount Amanus,658376,Parthians,952097
Fam. 8.7,middle of April 50 BCE,-4.13.50,-4.18.50,Rome,423025,M. Caelius Rufus,Cicero,Cilicia,628957,,,Q. Cornificius the Younger (adulescens); Orestilla; Paula Valeria; Triarius; Decimus Junius Brutus Albinus; Servius Ocella,Aurelia Orestilla,,,Parthia,952097,,
Fam. 8.8,October 51 BCE,-10.1.51,-10.31.51,Rome,423025,M. Caelius Rufus,Cicero,Cilicia,628957,,,C. Sempronius Rufus; M. Tuccius; Vestorius; M. Servilius; Laterensis; Pausanias; Q. Pilius; Appius Claudius Pulcher Minor; T. Pomponius Atticus; L. Lollius; Sextus Tettius; Cn. Pompeius Magnus; C. Julius Caesar; L. Domitius Ahenobarbus; Q. Caecilius Metellus Pius Scipio Nasica; Lucius Villius Annalis; Gaius Septimius; C. Scribonius Curio; Lucius Ateius Capito; Marcus Eppius; M. Claudius Marcellus; L. Aemilius Lepidus Paullus; C. Claudius Marcellus Minor; Servius Sulpicius Rufus; Gaius Caelius; Lucius Vinicius; Publius Cornelius; Gaius Vibius Pansa; Diogenes,Appius Claudius Pulcher,Philo (Caelius rufus' freedman),,Gallic Provinces; Sicily; Sardinia and Corsica; Macedonia and Achaia; Asia; Africa; Crete; Cyrene; Bithynia,993; 462492; 472014;  991339; 981531; 573049; 991380; 775; 589748; 363962; 844879,,
Fam. 8.9,September 2 51 BCE,-9.2.51,-9.2.51,Rome,423025,M. Caelius Rufus,Cicero,Cilicia,628957,,,Hirrus; M. Claudius Marcellus; C. Scribonius Curio; C. Julius Caesar; Patiscus; Publius Sittius; Marcus Favonius; Marcus Feridius; Cn. Pompeius Magnus; Lucius Cornelius Balbus ; Q. Caecilius Metellus Pius Scipio Nasica; M. Calidius,,,,Gallic Provinces; Africa; Cibyra; Pamphylia,993; 775; 638804; 639034,,
Fam. 8.10,November 17; 51 BCE,-11.17.51,-11.17.51,Rome,423025,M. Caelius Rufus,Cicero,Cilicia,628957,,,C. Cassius Longius; Deiotarus of Galatia (Philoromaios); C. Julius Caesar; Cn. Pompeius Magnus; M. Claudius Marcellus;  Servius Sulpicius Rufus; C. Scribonius Curio; L. Aemilius Lepidus Paullus; C. Furnius,,,,Euphrates; Commagene; Italy,912849; 658443: 1052,Parthian; Arabs,952097; 746710
Fam. 8.11,middle of April 50 BCE,-4.13.50,-4.18.50,Rome,423025,M. Caelius Rufus,Cicero,Cilicia,628957,,, C. Scribonius Curio;  L. Aemilius Lepidus Paullus; M. Claudius Marcellus; Hirrus; Marcus Porcius Cato Uticensis; Lucius Cornelius Balbus; Favonius; L. Domitius Ahenobarbus; P. Cornelius Lentulus Spinther; Q. Caecilius Metellus Pius Scipio Nasica; C. Julius Caesar; Cn. Pompeius Magnus; Publius Sittius,,,,Gallic Provinces,993,,
Fam. 8.12,September 20; BCE,-9.20.50,-9.20.50,Rome,423025,M. Caelius Rufus,Cicero,Cilicia,628957,,,Appius Claudius Pulcher; L. Domitius Ahenobarbus; Cn. Pompeius Magnus; Pola Servius,L. Calpurnius Piso Caesoninus ,,,,,,
Fam. 8.13,early June 50 BCE,-6.1.50,-6.10.50,Rome,423025,M. Caelius Rufus,Cicero,Cilicia,628957,,,Publius Cornelius Dolabella;  C. Scribonius Curio; Cn. Pompeius Magnus; M. Claudius Marcellus; Q. Hortensius,,,,,,,
Fam. 8.14,August 5; 10 50 BCE,-8.5.50,-8.10.50,Rome,423025,M. Caelius Rufus,Cicero,NA,,Cilicia (628957),Rome, L. Domitius Ahenobarbus; M. Anthony; Cn. Domitius Ahenobarbus; Cn. Pompeius Magnus; Cn. Saturninus; Sextus Peducaeus; C. Julius Caesar; Appius Claudius Pulcher; Drusus(?); C. Scribonius Curio,,,,Arsaces; Seleucea,952067; 639098,Parthians,952097
Fam. 8.15,March 9 49 BCE,-3.9.49,-3.9.49,North Italy?,383715,M. Caelius Rufus,Cicero,Formiae,432839,,,Cn. Pompeius Magnus; C. Julius Caesar; Demetrius; L. Domitius Ahenobarbus; Marcus Tullius Cicero Minor,,Bellienus (slave of Demetrius),,Italy; Brundisium; Rome,1052; 442509; 423025,Intimilii,157802
Fam. 8.16,April 16 49 BCE,-4.16.49,-4.16.49,Liguria,383698,M. Caelius Rufus,Cicero,Formiae,432839,,,C. Julius Caesar;,Tullia; Marcus Tullius Cicero Minor; Publius Cornelius Dolabella; L. Metellus,,,Rome; Spains; Italy,423025; 992072; 1052,,
Fam. 8.17,January 48 BCE post 11,-1.11.48,-1.31.48,Rome,423025,M. Caelius Rufus,Cicero,Epirus,530871,,, C. Scribonius Curio; C. Julius Caesar; Cn. Pompeius Magnus; Appius Claudius Pulcher; Marcus Porcius Cato Uticensis; ,,,,Formiae; Spain; Ariminum,432839; 992072; 393379,,
Fam. 9.1,early 46 BCE,-1.1.46,-3.31.46,Rome,423025,Cicero,M. Terentius Varro,Greece,1001896,,,T. Pomponius Atticus,,,,Tusculum; Cumae,423108; 432808,,
Fam. 9.2,after April 20 46 BCE,-4.21.46,-4.22.46,Rome,423025,Cicero,M. Terentius Varro,Tusculum,423108,,,L. Caninius Gallus,,,Lynceus (argonaut),Baiae,432716,,
Fam. 9.3,before April 20 46 BCE,-4.18.46,-4.19.46,Rome,423025,Cicero,M. Terentius Varro,Tusculum,423108,,,L. Caninius Gallus,,,,Baiae; Athens,432716; 579885,,
Fam. 9.4,late May; early June 46 BCE,-5.25.46,-6.5.46,Tusculum,423108,Cicero,M. Terentius Varro,Cumae,432808,,,Diodotus the Stoic; T. Pomponius Atticus; Cotius,,,Diodorus Cronus (Megarian school); Chrysippus of Soli,,,,
Fam. 9.5,end of May 46 BCE,-5.15.46,-5.31.46,Rome,423025,Cicero,M. Terentius Varro,Tusculum,423108,,,,C. Julius Caesar; Cn. Pompeius Magnus,,,Cumae,432808,,
Fam. 9.6,latter half June 46 BCE,-6.15.46,-6.30.46,Rome,423025,Cicero,M. Terentius Varro,Tusculum,423108,,,L. Caninius Gallus; C. Julius Caesar; Aulus Hirtius; Gaius Oppius; L. Cornelius Balbus,,,,Alsium (near Caere in Etruria); Ostia,422831; 422995,,
Fam. 9.7,May 46 BCE,-5.1.46,-5.31.46,Rome,423025,Cicero,M. Terentius Varro,Tusculum,423108,,,M. Seius; Lucius Julius Caesar V; Publius Cornelius Dolabella,C. Julius Caesar; L. Julius Caesar IV,,,Sardinia; Baiae; Sicily; Velia,472014;  432716; 462492; 452488,,
Fam. 9.8,July 11; 12 45 BCE,-7.11.45,-7.12.45,Tusculum,423108,Cicero,M. Terentius Varro,Unknown,,,,T. Pomponius Atticus,,,Antiochus of Ascalon; Philo of Larissa,Cumae,432808,,
Fam. 9.9,May 48 BCE,-5.1.48,-5.31.48,Dyrrachium (Caesar's camp),573193,Publius Cornelius Dolabella,Cicero,Dyrrachium (Pompey's camp),573193,,,Tullia; Terentia; C. Julius Caesar; Cn. Pompeius Magnus,,,,Italy; both Spains; Athens,1052; 992072; 579885,,
Fam. 9.10,early January 45 BCE,-1.1.45,-1.10.45,Rome,423025,Cicero,Publius Cornelius Dolabella,Spain,992072,,,Curtius Nicias of Cos; Vidius; T. Munatius Plancus Bursa; P. Cornelius Sulla; C. Julius Caesar,,Salvius (slave of Atticus),Aristarchus of Samothrace,,,,
Fam. 9.11,April 20 45 BCE,-4.20.45,-4.20.45,Ficulea,422922,Cicero,Publius Cornelius Dolabella,Spain,992072,,,,Tullia; Quintus Tullius Cicero Minor,,,,,,
Fam. 9.12,December 17 45 BCE,-12.17.45,-12.17.45,Puteoli,432815,Cicero,Publius Cornelius Dolabella,Baiae,432716,,,Deiotarus of Galatia,,,,,,,
Fam. 9.13,January 45 BCE,-1.1.45,-1.31.45,Rome,423025,Cicero,Publius Cornelius Dolabella,Spain,992072,,,C. Subernius of Cales; Q. Lepta; M. Terentius Varro; L. Afranius; M. Planius Heres; Cn. Pompeius Magnus; Titus Quintus Scapula; C. Julius Caesar,,,,Cales,432739,,
Fam. 9.14,May 3 44 BCE,-5.3.44,-5.3.44,Pompeii,433032,Cicero,Publius Cornelius Dolabella,Rome,423025,,,C. Julius Caesar; L. Julius Caesar IV; Marcus Junius Brutus,Hierophilus (Amatius); M. Antonius,,Agamemnon; Nestor,Naples,433014,,
Fam. 9.15,middle October 46 BCE,-10.13.46,-10.18.46,Rome,423025,Cicero,L. Papirius Paetus,Naples,433014,,,Q. Granius;  L. Licinius Crassus; Q. Lutatius Catulus; P. Cornelius Sulla,,Zethus; Phileros (Paetus'),C. Lucilius; C. Laelius Sapiens,Attica; Armenia; Syria,579888; 874350; 845004,Transalpine nations,981537
Fam. 9.16,early July 46 BCE,-7.1.46,-7.15.46,Tusculum,423108,Cicero,L. Papirius Paetus,Naples,433014,,,P. Silius Nerva; C. Julius Caesar; Servius Claudius; Aulus Hirtius; Publius Cornelius Dolabella; Phamea; Q. Selicius,,,Plautus; Lucius Accius,Athens; Syracuse,579885; 462503,,
Fam. 9.17,late August; early September 46 BCE,-8.20.46,-9.13.46,Rome,423025,Cicero,L. Papirius Paetus,Naples,433014,,,L. Cornelius Balbus ,,,,Veii; Capena (near Etruturi; Mt. Soracte),423116; 413062,,
Fam. 9.18,July 23 46 BCE,-7.23.46,-7.23.46,Tusculum,423108,Cicero,L. Papirius Paetus,Naples,433014,,,Dionysius II of Syracuse; Cn. Pompeius Magnus; Marcus Porcius Cato Uticensis; L. Afranius; L. Cornelius Lentulus Crus; Q. Caecilius Metellus Pius Scipio Nasica; Haterius; Aulus Hirtius,Publius Cornelius Dolabella; C. Julius Caesar,,,Syracuse; Corinth; Rome,462503; 570182; 423025,,
Fam. 9.19,latter half of August; 46 BCE,-8.15.46,-8.31.46,Rome,423025,Cicero,L. Papirius Paetus,Naples,433014,,,L. Cornelius Balbus ,,,,,,,
Fam. 9.20,early August 46 BCE,-8.1.46,-8.10.46,Rome,423025,Cicero,L. Papirius Paetus,Naples,433014,,,Verrius; Camillus; Aulus Hirtius,,,Epicurus,,,,
Fam. 9.21,October 46 BCE,-10.1.46,-10.31.46,Rome,423025,Cicero,L. Papirius Paetus,Naples,433014,,,Rubria; Cn. Pompeius Magnus,,,Quintus Trabea; L. Papirius Mugillanus; L. Sempronius Atratinus; L. Papirius Crassus; L. Papirius Cursor; C. Duilius; L. Masso; C. Papirius Carbo; Brutus Damasippus; Cn. Papirius Carbo; M. Papirius Carbo; Publius Valerius Flaccus; L. Licinius Crassus; M. Antonius Orator; Publius Cornelius Scipio Aemilianus Africanus Minor,Sicily; Lilybaeum,462492; 462281,,
Fam. 9.22,July 45 BCE,-7.1.45,-7.31.45,Rome,423025,Cicero,L. Papirius Paetus,Naples,433014,,,Roscius (actor),,,Zeno of Citium; Lucius Calpurnius Piso Frugi; Socrates; Plato; Aurelia (typical courtesan names); Lollia (typical courtesan names),,,,
Fam. 9.23,November 16 46 BCE,-11.16.46,-11.16.46,Cumae,432808,Cicero,L. Papirius Paetus,Naples,433014,,,M. Caeparius,,,,Gallinarian wood (forest near Cumae),432859,,
Fam. 9.24,February 43 BCE,-2.1.43,-2.28.43,Rome,423025,Cicero,L. Papirius Paetus,Naples,433014,,,Unknown Rufus; Spurinna the haruspex,,,,Aquinum; Fabrateria,432695; 432825,,
Fam. 9.25,mid March 50 BCE,-3.13.50,-3.18.50,Laodicae,897792,Cicero,L. Papirius Paetus,Naples,433014,,,M. Fadius Gallus; Q. Fadius Gallus; C. Asinius Pollio,,,Pyrrhus of Epirus; Cineas; Mato,Herculaneum,438748,Parthian,952097
Fam. 9.26,November 46 BCE,-11.1.46,-11.30.46,Rome,423025,Cicero,L. Papirius Paetus,Naples,433014,,,P. Volumnius Eutrapelus; Verrius; T. Pomponius Atticus; Dion the philosopher; Volumnia,,,Aristippus of Cyrene; Lais(courtesan);Socrates,,,,
Fam. 10.1,late September 44 BCE,-9.19.44,-9.30.44,Rome,423025,Cicero,L. Munatius Plancus,Gallia Comata,993,,,M. Antonius; C. Furnius,,,,Greece,1001896,,
Fam. 10.2,September 18 44 BCE,-9.18.44,-9.18.44,Rome,423025,Cicero,L. Munatius Plancus,Gallia Comata,993,,,,M. Antonius,,,,,,
Fam. 10.3,mid December 44 BCE,-12.10.44,-12.18.44,Rome,423025,Cicero,L. Munatius Plancus,Gallia Comata,993,,,C. Furnius,,,,,,,
Fam. 10.4,late December 44 BCE,-12.15.44,-12.31.44,Gallia Comata,993,L. Munatius Plancus,Cicero,Rome,423025,,,C. Furnius,L. Munatius Plancus Maior,,,,,,
Fam. 10.5,middle of January 43 BCE,-1.13.43,-1.18.43,Rome,423025,Cicero,L. Munatius Plancus,Gallia Comata,993,,,M. Antonius,L. Munatius Plancus Maior,,,,,,
Fam. 10.6,March 20 43 BCE,-3.20.43,-3.20.43,Rome,423025,Cicero,L. Munatius Plancus,Transalpine Gaul,981537,,,C. Furnius; Marcus Aemilius Lepidus,Decimus Junius Brutus Albinus; Gnaeus Munatius Plancus,,,,,,
Fam. 10.7,March 23 43 BCE,-3.23.43,-3.23.43,Gallia Comata,993,L. Munatius Plancus,Cicero,Rome,423025,,,M. Varisidius,,,,,,,
Fam. 10.8,March 23 43 BCE,-3.23.43,-3.23.43,Gallia Comata,993,L. Munatius Plancus,The consuls; praetors; tribunes of the plebs; the Senate; the people; commons of Rome,Rome,423025,,,C. Furnius,Decimus Junius Brutus Albinus ,,,(Mutina),383715,,
Fam. 10.9,April 27 43 BCE,-4.27.43,-4.27.43,Gallia Narbonensis,981537,L. Munatius Plancus,Cicero,Rome,423025,,,Marcus Aemilius Lepidus,,,,Rhone; Vienne,148168; 167719,,
Fam. 10.10,March 30 43 BCE,-3.31.43,-3.31.43,Rome,423025,Cicero,L. Munatius Plancus,Gallia Comata,993,,,,Aulus Hirtius; C. Vibius Pansa Caetronianus; Decimus Junius Brutus Albinus,,,(Mutina),383715,,
Fam. 10.11,end of April 43 BCE,-4.21.43,-4.30.43,Among the Allobroges,167634,L. Munatius Plancus,Cicero,Rome,423025,,,Decimus Junius Brutus Albinus; M. Antonius; Marcus Aemilius Lepidus; Gnaeus Munatius Plancus; M. Juventius Laterensis; C. Furnius,,,,Rhone; Mutina,148168; 383715,,
Fam. 10.12,April 11 43 BCE,-4.11.43,-4.11.43,Rome,423025,Cicero,L. Munatius Plancus,Gallia Comata,993,,,C. Furnius; M. Varisidius; T. Munatius; M. Caecilius Cornutus; P. Servilius Vatia Isauricus; P. Titius,,,,,,,
Fam. 10.13,May 10 43 BCE,-5.10.43,-5.10.43,Rome,423025,Cicero,L. Munatius Plancus,Gallia Comata,993,,,M. Antonius,,,Ajax; Achilles; Ulysses; Homer,,,,
Fam. 10.14,May 5 43 BCE,-5.5.43,-5.5.43,Rome,423025,Cicero,L. Munatius Plancus,Gallia Comata,993,,,Marcus Aemilius Lepidus,,,,Mutina,383715,,
Fam. 10.15,May 11 43 BCE,-5.11.43,-5.11.43,Cularo (Grenoble),167734,L. Munatius Plancus,Cicero,Rome,423025,,,Marcus Aemilius Lepidus; M. Juventius Laterensis; M. Antonius; L. Antonius; Decimus Junius Brutus Albinus,,,,Forum Julii; Isara (river); Italy,187386; 167793; 1052,Allobroges,167634
Fam. 10.16,May 25 43 BCE,-5.25.43,-5.25.43,Rome,423025,Cicero,L. Munatius Plancus,Cularo,167734,,,M. Cornutus; Marcus Aemilius Lepidus;  P. Servilius Vatia Isauricus,,,,,,,
Fam. 10.17,May 20 43 BCE,-5.20.43,-5.20.43,forum voconii,157854,L. Munatius Plancus,Cicero ,Rome,423025,,,Publius Ventidius Bassus; Marcus Aemilius Lepidus; L. Gellius,,Apella (freedman),,Forum Julii,187386,,
Fam. 10.18,May 18 43 BCE,-5.18.43,-5.18.43,camp on the Isara,118764,L. Munatius Plancus,Cicero,Rome,423025,,,Laevus Cispius and Nerva (legates to Plancus); M. Juventius Laterensis; Marcus Aemilius Lepidus; Decimus Junius Brutus; M. Antonius; Publius Ventidius Bassus ,,,,Isara,,,
Fam. 10.19,mid May 43 BCE,-5.13.43,-5.18.43,Rome,423025,Cicero,L. Munatius Plancus,Cularo,167734,,,M. Antonius,,,,,,,
Fam. 10.20,May 29 43 BCE,-5.29.43,-5.29.43,Rome,423025,Cicero,L. Munatius Plancus,Cularo,167734,,,Marcus Aemilius Lepidus; M. Antonius,Decimus Junius Brutus,,,,,,
Fam. 10.21,May 15 43 BCE,-5.15.43,-5.15.43,camp on the Isara,167793,L. Munatius Plancus,Cicero,Rome,423025,,,Marcus Aemilius Lepidus; M. Juventius Laterensis; Laevus Cispius; P. Titus; Aulus Hirtius,Gneaus Munatius Plancus,,,Gaul,993,,
Fam. 10.22,end of June 43 BCE,-6.20.43,-6.30.43,Rome,423025,Cicero,L. Munatius Plancus,Cularo,167734,,,Gneaus Munatius Plancus,Decimus Junius Brutus; P. Servilius Vatia Isauricus,,,,,,
Fam. 10.23,June 6 43 BCE,-6.6.43,-6.6.43,Cularo,167734,L. Munatius Plancus,Cicero,Rome,423025,,,Marcus Aemilius Lepidus; M. Antonius; M. Juventius Laterensis; C. Catius Vestinus; C. Julius Caesar Octavianus (Augustus),,,,Isara,,Vocontii; Allobroges,148241; 167634
Fam. 10.24,July 28 43 BCE,-7.28.43,-7.28.43,Cularo,167734,L. Munatius Plancus,Cicero,Rome,423025,,,Decimus Junius Brutus Albinus; C. Julius Caesar Octavianus (Augustus); C. Furnius; C. Julius Caesar; Marcus Aemilius Lepidus; M. Antonius,,,,Spain,,African troops,775
Fam. 10.25,May 26 43 BCE,-5.26.43,-5.26.43,Rome,423025,Cicero,C. Furnius,Cularo,167734,,,L. Munatius Plancus; Quintus Tullius Cicero; Aulus Caecina; Calvisius,,Dardanus (freedman of Furnius),,,,,
Fam. 10.26,end of June; 43 BCE,-6.20.43,-6.30.43,Rome,423025,Cicero,C. Furnius,Cularo,167734,,,Calvisius; L. Munatius Plancus; Decimus Junius Brutus Albinus,,,,Narbonenses,981537,,
Fam. 10.27,March 20 43 BCE,-3.20.43,-3.20.43,Rome,423025,Cicero,Marcus Aemilius Lepidus,Narbonenses,981537,,,,,,,,,,
Fam. 10.28,Feburary 2 43 BCE,-2.2.43,-2.2.43,Rome,423025,Cicero,C. Trebonius,Asia,991380,,,M. Antonius; Servius Sulpicius Rufus; Decimus Junius Brutus Albinus; L. Julius Caesar IV (cos 64); C. Julius Caesar Octavianus (Augustus),C. Trebonius (father),,,,,,
Fam. 10.29,July 6 43 BCE,-7.6.43,-7.6.43,Rome,423025,Cicero,C. Appius Claudius,Exile,,,,,,,,,,,
Fam. 10.30,April 15 43 BCE,-4.15.43,-4.15.43,Mutina,383715,Servius Sulpicius Galba,Cicero,Rome,423025,,,C. Vibius Pansa Caetronianus; M. Antonius; Aulus Hirtius; M. Junius Silanus; C. Julius Caesar Octavianus (Augustus),,,,Forum Gallorm (10 miles SE of Mutina; on Aemilian Road),246395,,
Fam. 10.31,March 16 43 BCE,-3.16.43,-3.16.43,Corduba,256128,C. Asinius Pollio,Cicero,Rome,423025,,,C. Julius Caesar; C. Vibius Pansa Caetronianus; Marcus Aemilius Lepidus; M. Antonius,L. Cornelius Balbus; Titus Labienus,,,Alps,783,,
Fam. 10.32,June 8 43 BCE,-6.8.43,-6.8.43,Corduba,256128,C. Asinius Pollio,Cicero,Rome,423025,,,Lucius Cornelius Balbus Minor; Bogudes (Bogus) king of Maurentania; C. Julius Caesar; Herrenius Gallus; Sextus Quintilius Varus; L. Cornelius Lentulus Crus; Fadius (soldier of Pompey)?; M. Antonius; Marcus Aemilius Lepidus; C. Cornelius Gallus ,,,,Calpe (Gibraltar); Gades; Hispalis,256045; 256177; 256210,,
Fam. 10.33,early June 43 BCE,-6.1.43,-6.15.43,Corduba,256128,C. Asinius Pollio,Cicero,Rome,423025,,,Marcus Aemilius Lepidus; L. Munatius Plancus; C. Julius Caesar; C. Julius Caesar Octavianus (Augustus); M. Antonius;  C. Vibius Pansa Caetronianus; Aulus Hirtius; L. Roscius Fabatus; C. Peducaeus; D. Carfulenus; L. Antonius; Pontius Aquila; Popillius/Publius/Pupilli of the Bagienni; Publius Ventidius Bassus; Decimius Junius Brutus Albinus,,,,Mutina; Italy; Narbo; Gades; Lusitania; Gaul; Parma,383715; 1052; 246347; 256177; 993; 383737,Bagienni (between the source of the Padus and Maritime Alps),383578
Fam. 10.34 a,May 18 43 BCE,-5.18.43,-5.18.43,Pons Argenteus,157815,Marcus Aemilius Lepidus,Cicero,Rome,423025,,,M. Antonius; L. Antonius; Publius Ventidius Bassus; Q. Terentius Culleo; M. junius Silanus,,,,Forum Voconii; Rhone,157854; 148168,,
Fam. 10.34 b,May 22 43 BCE,-5.22.43,-5.22.43,Pons Argenteus,157815,Marcus Aemilius Lepidus,Cicero,Rome,423025,,,,,,,,,,
Fam. 10.35,May 30 43 BCE,-5.30.43,-5.30.43,Pons Argenteus,157815,Marcus Aemilius Lepidus,Praetors; Tribunes of the Plebs; the Senate; People; Plebs of Rome,Rome,423025,,,,,,,,,,
Fam. 11.1,March 20 44 BCE,-3.20.44,-3.20.44,Rome,423025,Decimus Junius Brutus Albinus,Marcus Junius Brutus; C. Cassius Longinus,Rome,423025,,,Aulus Hirtius; M. Antonius; Sextus Pompeius; Q. Caecilius Bassus; C. Julius Caesar,,,,Cisalpine Gaul; Italy; Rhodes; ,383801; 1052;  590031,,
Fam. 11.2,end of May 44 BCE,-5.15.44,-5.31.44,Lanuvium,422956,Marcus Junius Brutus; C. Cassius Longinus,M. Antonius,Rome,423025,,,,,,,,,,
Fam. 11.3,August 4 44 BCE,-8.4.44,-8.4.44,Naples,433014,Marcus Junius Brutus; C. Cassius Longinus,M. Antonius,Rome,423025,,,C. Julius Caesar,,,,Aegean Sea,560221,,
Fam. 11.4,September 44 BCE,-9.1.44,-9.30.44,Gallia Cisalpine,383801,Decimus Junius Brutus Albinus,Cicero,Puteoli,432815,,,,,,,,,Inalpini (piedmont; svoy),
Fam. 11.5,December 11 44 BCE,-12.11.44,-12.11.44,Rome,423025,Cicero,Decimus Junius Brutus Albinus,Cisalpine Gaul,383801,,,P. Rutilius Lupus; C. Vibius Pansa Caetronianus,C. Julius Caesar,,,,,,
Fam. 11.6,late September 44 BCE,-9.19.44,-9.30.44,Rome,423025,Cicero,Decimus Junius Brutus Albinus,Mutina,383715,,,P. Rutilius Lupus ,,,,,,,
Fam. 11.7,December 19 4 BCE,-12.19.44,-12.19.44,Rome,423025,Cicero,Decimus Junius Brutus Albinus,Cisalpine Gaul,383801,,,P. Rutilius Lupus;  L. Scribonius Libo; Servius Sulpicius Rufus Minor; M. Seius Minor; Graeceius; C. Julius Caesar Octavianus (Augustus),,,,,,,
Fam. 11.8,end of January 43 BCE,-1.20.43,-1.31.43,Rome,423025,Cicero,Decimus Junius Brutus Albinus,Mutina,383715,,,Polla/Paulla (wife of D. Brutus); Aulus Hirtius; C. Julius Caesar Octavianus (Augustus); ,Servius Sulpicius Rufus; L. Calpurnius Piso Caesoninus; L. Marcius Philippus (consul 56); M. Antonius,,,Italy,1052,,
Fam. 11.9,April 29 43 BCE,-4.29.43,-4.29.43,Regium Lepidi,383755,Decimus Junius Brutus Albinus,Cicero,Rome,423025,,,C. Vibius Pansa Caetronianus; Marcus Aemilius Lepidus; Publius Ventidius Bassus; M. Antonius; C. Asinius Pollio (consul 40); L. Munatius Plancus,Aulus Hirtius,,,Alps,783,,
Fam. 11.10,May 5 43 BCE,-5.5.43,-5.5.43,Dertona ,383633,Decimus Junius Brutus Albinus,Cicero,Rome,423025,,,M. Antonius; Marcus Aemilius Lepidus; Publius Ventidius Bassus; C. Julius Caesar Octavianus (Augustus); M. Terentius Varro,,,,Apennines; Vada Sabatia; Alps; Etruria; Italy,815; 383808; 783; 413122; 1052,,
Fam. 11.11,May 6 43 BCE,-5.6.43,-5.6.43,Territory of the Statiellenses (Aquae Satiellorum),383783,Decimus Junius Brutus Albinus,Cicero,Rome,423025,,,Marcus Aemilius Lepidus; L. Munatius Plancus; M. Antonius; C. Asinius Pollio (consul 40),,,,Gaul,993,Allobroges,167634
Fam. 11.12,May 13 43 BCE,-5.13.43,-5.13.43,Rome,423025,Cicero,Decimus Junius Brutus Albinus,Pollentia,383745,,,Flaccus Volumnius; T. Vibius; M. Antonius; P. Rutilius Lupus; Graeceius,,,,Mutina,383715,,
Fam. 11.13a,May 9 43 BCE,-5.9.43,-5.9.43,Pollentia,383745,Decimus Junius Brutus Albinus,Cicero,Rome,423025,,,M. Antonius; C. Vibius Pansa Caetronianus; Aulus Hirtius; C. Julius Caesar Octavianus (Augustus); Publius Ventidius Bassus; Marcus Aemilius Lepidus; Trebellius (tribune of plebs 48; 47); L. Munatius Plancus,,,,Bononia; Vada; Apennines; Alps; Italy; Isara,206975; 383808; 815; 783; 1052; 167793,Allobroges,167634
Fam. 11.13 b,April 30 43 BCE,-4.30.43,-4.30.43,camp at Parma,383737,Decimus Junius Brutus Albinus,Cicero,Rome,423025,,,,,,,,,,
Fam. 11.14,June 7 43 BCE,-6.7.43,-6.7.43,Rome,423025,Cicero,Decimus Junius Brutus Albinus,Eporedia,383642,,,C. Julius Caesar Octavianus (Augustus); M. Antonius; M. Junius Brutus; L. Munatius Plancus; Marcus Aemilius Lepidus,,,,Mutina; Italy; Africa; (forum gallorum),383715; 1052; 775; 246395,,
Fam. 11.15,end of June 43 BCE,-6.20.43,-6.30.43,Rome,423025,Cicero,Decimus Junius Brutus Albinus,Cularo,167734,,,L. Munatius Plancus,,,,,,,
Fam. 11.16,May; June 43 BCE,-5.1.43,-6.30.43,Rome,423025,Cicero,Decimus Junius Brutus Albinus,Eporedia,383642,,,L. Aelius Lamia; Publius Clodius Pulcher; Aulus Gabinius; P. Rutilius Lupus,,,,,,,
Fam. 11.17,May; June 43 BCE,-5.1.43,-6.30.43,Rome,423025,Cicero,Decimus Junius Brutus Albinus,Eporedia,383642,,,L. Aelius Lamia,,,,,,,
Fam. 11.18,May 19 43 BCE,-5.19.43,-5.19.43,Rome,423025,Cicero,Decimus Junius Brutus Albinus,Vercellae,383815,,,Servius Sulpicius Galba; Flaccus Volumnius; M. Antonius; Marcus Aemilius Lepidus,,,,,,,
Fam. 11.19,May 21 43 BCE,-5.21.43,-5.21.43,Vercellae,383815,Decimus Junius Brutus Albinus,Cicero,Rome,423025,,,M. Livius Drusus Claudianus; L. Aemilius Lepidus Paullus; M. Junius Brutus,,,,,,Vicetini (Vicenza),393513
Fam. 11.20,May 24 43 BCE,-5.24.43,-5.24.43,Eporedia,383642,Decimus Junius Brutus Albinus,Cicero,Rome,423025,,,Labeo Segulius; C. Julius Caesar Octavianus (Augustus); M. Antonius; Lucius Cornelius Sulla Felix; C. Vibius Pansa Caetronianus; ,,,,Alps; Campanian territory; Italy,783; 991350; 1052,,
Fam. 11.21,June 4 43 BCE,-6.4.43,-6.4.43,Rome,423025,Cicero,Decimus Junius Brutus Albinus,Eporedia,383642,,,Labeo Segulius; C. Julius Caesar Octavianus (Augustus),,,,,,,
Fam. 11.22,July 6 43 BCE,-7.6.43,-7.6.43,Rome,423025,Cicero,Decimus Junius Brutus Albinus,Cularo,167734,,,Appius Claudius Pulcher (consul 38 BCE); Gaius Clodius Pulcher (praetor 56); M. Antonius,,,,,,,
Fam. 11.23,May 25 43 BCE,-5.25.43,-5.25.43,Eporedia,383642,Decimus Junius Brutus Albinus,Cicero,Rome,423025,,,Marcus Aemilius Lepidus,,,,Italy,1052,,
Fam. 11.24,June 6 43 BCE,-6.6.43,-6.6.43,Rome,423025,Cicero,Decimus Junius Brutus Albinus,Eporedia,383642,,,Marcus Aemilius Lepidus; Servius Sulpicius Galba,,,,Italy,1052,,
Fam. 11.25,June 18 43 BCE,-6.18.43,-6.18.43,Rome,423025,Cicero,Decimus Junius Brutus Albinus,Cularo,167734,,,P. Rutilius Lupus; M. Junius Brutus,,,,,,,
Fam. 11.26,June 3 43 BCE,-6.3.43,-6.3.43,Cularo,167734,Decimus Junius Brutus Albinus,Cicero,Rome,423025,,,M. Junius Brutus,,,,Sardinia; Africa,472014; 775,,
Fam. 11.27,mid October 44 BCE,-10.13.44,-10.18.44,Tusculum,423108,Cicero,C. Matius Calvena,Rome,423025,,,C. Trebatius Testa; C. Julius Caesar; Cn. Pompeius Magnus,,,,Gaul; Brundisium; Formiae; Tarentum; Trebula,993; 442509; 432839,,
Fam. 11.28,late October 44 BCE,-10.15.44,-10.31.44,Rome,423025,C. Matius Calvena,Cicero,Tusculum,423108,,,C. Julius Caesar; C. Julius Caesar Octavianus (Augustus); M. Antonius; C. Trebatius Testa,,,,Rhodes,590031,,
Fam. 11.29,early July 44 BCE,-7.1.44,-7.15.44,Anagnia,422833,Cicero,Gaius Oppius,Rome,423025,,,T. Pomponius Atticus; Cn. Pompeius Magnus; C. Julius Caesar,,,,Italy,1052,,
Fam. 12.1,May 3 44 BCE,-5.3.44,-5.3.44,Pompeii,433032,Cicero,C. Cassius Longinus,Syria,845004,,,Decimus Junius Brutus Albinus; Marcus Junius Brutus; Publius Cornelius Dolabella,C. Julius Caesar,,,,,,
Fam. 12.2,late in September; early October 44 BCE,-9.19.44,-10.2.44,Rome,423025,Cicero,C. Cassius Longinus,Puteoli,432815,,,C. Julius Caesar; L. Calpurnius Piso Caesoninus ; P. Servilius Vatia Isauricus; Quintus Caecilius Metellus Piso Scipio Nasica; Marcus Junius Brutus; L. Aurelius Cotta; L. Julius Caesar IV (consul 64); Servius Sulpicius Rufus,M. Antonius; L. Cassius Longinus; Marcus Aemilius Lepidus; Aulus Hirtius; C. Vibius Pansa Caetronianus; L. Aemilius Lepidus Paullus; C. Claudius Marcellus Minor; C. Antonius Hybrida; M. Valerius Messalla Rufus; Cn. Domitius Calvinus; Q. Fufius Calenus; C. Caninius Rebilius,,,,,,
Fam. 12.3,early October 44 BCE,-10.2.44,-10.9.44,Rome,423025,Cicero,C. Cassius Longinus,Puteoli,432815,,,C. Julius Caesar; M. Antonius; Titus Cannutius,,,,,,,
Fam. 12.4,February 2 43 BCE,-2.2.43,-2.2.43,Rome,423025,Cicero,C. Cassius Longinus,Syria,845004,,,Publius Cornelius Dolabella; M. Antonius; Lucius Marcius Philippus; L. Calpurnius Piso Caesoninus; Marcus Junius Brutus,Aulus Hirtius; C. Vibius Pansa Caetronianus,,,Italy,,,
Fam. 12.5,February 43 BCE (post 3),-2.3.43,-2.28.43,Rome,423025,Cicero,C. Cassius Longinus,Syria,845004,,,Marcus Junius Brutus; Decimus Junius Brutus; M. Antonius; Aulus Hirtius; Lucius Julius Caesar IV; Servius Sulpicius Rufus; Gaius Julius Caesar Octavianus (Augustus); C. Vibius Pansa Caetronianus,,,,Greece; Egypt; Mutina; Bononia; Claterna; Forum Cornelium; Parma; Regium Lepidi; Padus; Italy; Gaul,,,
Fam. 12.6,late March; early April 43 BCE,-3.25.43,-4.10.43,Rome,423025,Cicero,C. Cassius Longinus,Syria,845004,,,C. Titius Strabo; Decimus Junius Brutus Albinus,,,,Mutina,,,
Fam. 12.7,March 6 43 BCE,-3.6.43,-3.6.43,Rome,423025,Cicero,C. Cassius Longinus,Syria,845004,,,C. Vibius Pansa Caetronianus; M. Servilius (t.p. 44),Servilia; L. Cassius Longinus; Cassius' mother,,,,,,
Fam. 12.8,June 9 43 BCE,-6.9.43,-6.9.43,Rome,423025,Cicero,C. Cassius Longinus,Syria,845004,,,Marcus Aemilius Lepidus; Decimus Junius Brutus Albinus; L. Munatius Plancus; Publius Cornelius Dolabella; Marcus Junius Brutus,,,,,,,
Fam. 12.9,middle of June 43 BCE,-6.13.43,-6.18.43,Rome,423025,Cicero,C. Cassius Longinus,Syria,845004,,,Marcus Aemilius Lepidus; Publius Cornelius Dolabella,,,,Asia,991380,,
Fam. 12.10,July 1 43 BCE,-7.1.43,-7.1.43,Rome,423025,Cicero,C. Cassius Longinus,Syria,845004,,,Marcus Aemilius Lepidus; Publius Cornelius Dolabella; M. Antonius; Marcus Junius Brutus,,,,Italy,1052,,
Fam. 12.11,March 7 43 BCE,-3.7.43,-3.7.43,Tarichea,678272,C. Cassius Longinus,Cicero,Rome,423025,,,L. Staius Marcus; Q. Marcius Crispus; Q. Caecilius Bassus; A. Allienus; L. Carteius,,,,Syria; Egypt,845004; 981503,,
Fam. 12.12,May 7 43 BCE,-5.7.43,-5.7.43,Syria,845004,C. Cassius Longinus,Cicero,Rome,423025,,,A. Allienus; Publius Clodius Dolabella; C. Trebonius; M. Antonius; Q. Caecilius Bassus; L. Staius Marcus; Q. Marcius Crispus,,,,Egypt; Apamea; Asian Provinces; Cilicia,981503; 897711; 991380; 628957,,
Fam. 12.13,June 13 43 BCE,-6.13.43,-6.13.43,Crommyuacris (Cypris),981516,C. Cassius Parmensis,Cicero,Rome,423025,,,Publius Cornelius Dolabella; L. Figulus; L. Tillius Cimber; C. Cassius Longinus; Decimus Turullius; C. Sextilius Rufus; Patiscus,Marcus Tullius Cicero Minor; Tullia,,,Corycus; Bithynia; Cyprus; Tarsus; Laodicea; Paltus,648612; 844879; 981516; 648789; 897792; 668332,Greek soldiers,1001896
Fam. 12.14,May 29 43 BCE,-5.29.43,-5.29.43,Perga,639048,P. Cornelius Lentulus Spinther,Cicero,Rome,423025,,,Marcus Junius Brutus; Publius Cornelius Dolabella; the Anthonys; M. Antonius; C. Antonius; L. Antonius; L. Cornelius Lentulus Crus; Cn. Pompeius Magnus; C. Cassius Longinus; Aulus Hirtius; C. Vibius Pansa Caetronianus; Verrius; C. Trebonius; Decimus Junius Brutus Albinus; M. Antonius,Publius Cornelius Lentulus (father of Spinther); Marcus Tullius Cicero Minor,,,Asia; Lycia; Syria; Italy; Laodicea; Antioch,991380; 638965; 845004; 1052; 897792; 658381,Rhodians,590031
Fam. 12.15,May 29; June 2 43 BCE,-5.29.43,-6.2.43,Perga,639048,P. Cornelius Lentulus Spinther,Consuls; Praetors; Tribunes of the Plebs; Senate; People; Plebs of Rome,Rome,423025,,,Publius Cornelius Dolabella; Marcus Junius Brutus; Patiscus; Servius Sulpicius Rufus; M. Claudius Marcellus; C. Trebonius; Sextus Marius; C. Titius; C. Cassius Parmensis,,,,Asia; Macedonia; Lycia; Rhodes; Syria; Egypt; Italy; Cyprus; Sida; Pamphylia; Antiochea; Mount Amanus; Cilicia,991380; 981531; 638965; 590031; 845004; 981503; 1052; 981516; 494603; 639034; 609307; 658376; 628957,,
Fam. 12.16,May 25 44 BCE,-5.25.44,-5.25.44,Athens,579885,C. Trebonius,Cicero,Rome,423025,,,Cratippus of Pergamon; C. Julius Caesar,Marcus Tullius Cicero Minor,,C. Ennius  Lucilius,Asia,991380,,
Fam. 12.17,mid September 46 CE,-9.13.46,-9.18.46,Rome,423025,Cicero,Q. Cornificius,Cilicia,628957,,,C. Julius Caesar,,,,Syria,845004,,
Fam. 12.18,late September; early October 46 BCE,-9.25.46,-10.15.46,Rome,423025,Cicero,Q. Cornificius,Syria,845004,,,Q. Caecilius Bassus; C. Julius Caesar; T. Munatius Plancus Bursa; Decimus Laberius; Publilius Syrus,,,,,,,
Fam. 12.19,December 46 BCE,-12.1.46,-12.31.46,Rome,423025,Cicero,Q. Cornificius,Syria,845004,,,C. Julius Caesar; M. Calpurnius Bibulus,,,,,,Parthians,952097
Fam. 12.20,September 2 44 BCE,-9.2.44,-9.2.44,Rome,423025,Cicero,Q. Cornificius,Campania,991350,,,,,,,Cumae; Pompeii; Sinuessa,432808; 433032; 433122,,
Fam. 12.21,spring 44 BCE,-3.15.44,-5.31.46,Rome,423025,Cicero,Q. Cornificius,Africa,775,,,C. Anicius,,,,,,,
Fam. 12.22,post October 2 44 BCE,-10.2.44,-12.20.44,Rome,423025,Cicero,Q. Cornificius,Africa,775,,,M. Antonius; Marcus Junius Brutus; C. Cassius Longinus; C. Trebonius; Decimus Junius Brutus Albinus; Aulus Hirtius; C. Vibius Pansa Caetronianus; C. Sempronius Rufus; Chaerippus,,,,,,,
Fam. 12.23,October 10 44 BCE,-10.10.44,-10.10.44,Rome,423025,Cicero,Q. Cornificius,Africa,775,,,Tratorius; C. Julius Caesar Octavianus (Augustus); M. Antonius; Titus Cannutius ,,,,Brundisium; Macedonia,442509; 981531,,
Fam. 12.24,end of January 43 BCE,-1.15.43,-1.31.43,Rome,423025,Cicero,Q. Cornificius,Africa,775,,,T. Pinarius; Attius Dionysius,M. Antonius,,,,,,
Fam. 12.25a,March 20 43 BCE,-5.20.43,-5.20.43,Rome,423025,Cicero,Q. Cornificius,Africa,775,,,C. Vibius Pansa Caetronianus; C. Calvisius Sabinus; T. Statilius Taurus; C. Sempronius Rufus; M. Antonius; C. Julius Caesar Octavianus (Augustus); ,,,Minotaur; Terence,Greece; Rhegium; Brundisium,1001896; 511397; 442509,,
Fam. 12.25b,early May 43 BCE,-5.1.43,-5.15.43,Rome,423025,Cicero,Q. Cornificius,Africa,775,,,P. Luccius; M. Antonius; Cn. Minucius; Aulus Hirtius; C. Vibius Pansa Caetronianus,,,,,,,
Fam. 12.26,spring 43 BCE,-3.15.43,-5.31.43,Rome,423025,Cicero,Q. Cornificius,Africa,775,,,Q. Turius; Cn. Saturninus; Sextus Aufidius; C. Anneus; Q. Considius Gallus; L. Servilius Postumus; C. Rubellius,,Eros Turius (Q. Turius'),,,,,
Fam. 12.27,spring 43 BCE,-3.15.43,-5.31.43,Rome,423025,Cicero,Q. Cornificius,Africa,775,,,Sextus Aufidius,,,,,,,
Fam. 12.28,March 25 43 BCE,-3.25.43,-3.25.43,Rome,423025,Cicero,Q. Cornificius,Africa,775,,,,Quintus Fufius Calenus; Lucius Calpurnius Piso Caesoninus; Publius Servilius Vatia Isauricus; Aulus Hiritus;   C. Vibius Pansa Caetronianus,,,Lilybaeum,462281,,
Fam. 12.29,spring 43 BCE,-3.15.43,-5.31.43,Rome,423025,Cicero,Q. Cornificius,Africa,775,,,L. Aelius Lamia; Aulus Gabinus; C. Sempronius Rufus,,,,,,,
Fam. 12.30,June 9 43 BCE,-6.9.43,-6.9.43,Rome,423025,Cicero,Q. Cornificius,Africa,775,,,Chaerippus; Attius Dionysius; Tratorius; P. Lucceius; C. Vibius Pansa Caetronianus; Venuleius; Latinus; Horatius,Aulus Hirtius,,,,,,
Fam. 13.1,June 25; July 6 51 BCE,-6.25.51,-7.6.51,Athens,579885,Cicero,C. Memmius (t.p. 66 BCE),Mitylene,550763,,,Patro the Epicurean; Phaedrus the Epicurean; Philo of Larissa; T. Pomponius Atticus,,,Epicurus,Rome,423025,,
Fam. 13.2,May 50 BCE,-5.1.50,-5.31.50,Laodicae,897792,Cicero,C. Memmius (t.p. 66 BCE),Mitylene,550763,,, Marcus Aemilius Lepidus,,C. Avianius Evander (freedman sculptor; Lepidus' client),,,,,
Fam. 13.3,50 BCE,-1.31.50,-12.31.50,Laodicae,897792,Cicero,C. Memmius (t.p. 66 BCE),Mitylene,550763,,,Aulus Fufius,,,,,,,
Fam. 13.4,autumn 45 BCE,-9.1.45,-11.1.45,Rome,423025,Cicero,Q. Valerius Orca,Etruria,413122,,,C. Julius Caesar; Q. Valerius Soranus; Lucius Cornelius Sulla Felix,,,,,,Volaterrae townspeople,403292
Fam. 13.5,autumn 45 BCE,-9.1.45,-11.1.45,Rome,423025,Cicero,Q. Valerius Orca,Etruria,413122,,,C. Julius Caesar; C. Curtius;  Lucius Cornelius Sulla Felix,,,,Volaterrae,403292,,
Fam. 13.6a,middle of 56BCE,-5.15.56,-8.15.56,Rome,423025,Cicero,Q. Valerius Orca,Africa,775,,,P. Cuspius; L. Julius Calidus; Q. Valerius Soranus,,,,,,,
Fam. 13.6b,late 56 BCE,-8.15.56,-12.31.56,Rome,423025,Cicero,Q. Valerius Orca,Africa,775,,,P. Cornelius; P. Cuspius,,,,,,,
Fam. 13.7,autumn 45 BCE,-9.1.45,-11.1.45,Rome,423025,Cicero,C. Cluvius,Cisalpine Gaul,383801,,,C. Julius Caesar,,,,Atella; Regium Lepidi,442479; 383755,,
Fam. 13.8,autumn 45 BCE,-9.1.45,-11.1.45,Rome,423025,Cicero,M. Rutilius,Etruria,413122,,,C. Albinius; P. Sestius; L. Sestius; C. Julius Caesar; M. Laberius; Aulus Plautius; Lucius Cornelius Sulla Felix,,,,,,,
Fam. 13.9,end of 51 BCE,-10.1.51,-12.31.51,Cilicia,628957,Cicero,P. Furius Crassipes,Bithynia,844879,,,P. Rupilius; Cn. Pupius,,,,,,Menenian tribe,177623366
Fam. 13.10,early 46 BCE,-1.1.46,-3.31.46,Rome,423025,Cicero,M. Junius Brutus,Cisalpine Gaul,383801,,,M. Terentius Varro Gibba; C. Julius Caesar,,,,Brundisium,442509,,
Fam. 13.11,46 BCE,-1.1.46,-12.31.46,Rome,423025,Cicero,M. Junius Brutus,Cisalpine Gaul,383801,,,Q. Fufidius; M. Faucius; Q. Mamercus; M. Caesius; Q. Fufidius Minor; M. Faucius Minor; Q. Mamercus Minor,Marcus Tullius Cicero Minor; Quintus Tullius Cicero Minor,,,,,People of Arpinum,
Fam. 13.12,46 BCE,-1.1.46,-12.31.46,Rome,423025,Cicero,M. Junius Brutus,Cisalpine Gaul,383801,,,Q. Fufidius Minor; M. Caesius,,,,Cilicia,628957,People of Arpinum,432700
Fam. 13.13,46 BCE,-1.1.46,-12.31.46,Rome,423025,Cicero,M. Junius Brutus,Cisalpine Gaul,383801,,,L. Castronius Paetus,,,,Luca,403234,,
Fam. 13.14,46 BCE,-1.1.46,-12.31.46,Rome,423025,Cicero,M. Junius Brutus,Cisalpine Gaul,383801,,,L. Titius Strabo; P. Cornelius; L. Volcatius Tullus,,,,,,,
Fam. 13.15,end of March 45 BCE,-3.15.45,-3.31.45,Astura,432703,Cicero,C. Julius Caesar,Spain,992072,,,Praecilius,,,Homer; Euripides,,,,
Fam. 13.16,early 45 BCE,-1.1.45,-3.31.45,Rome,423025,Cicero,C. Julius Caesar,Spain,992072,,,P. Licinius Crassus; Diodotus the Stoic,,Apollonius (Crassus' freedman),,Cilicia; Alexandrine War,628957; 727070,,
Fam. 13.17,46 BCE,-1.1.46,-12.31.46,Rome,423025,Cicero,Servius Sulpicius Rufus,Achaia,573049,,,Manius Curius; T. Pomponius Atticus,,,,Patrae,570567,,
Fam. 13.18,46; 45 BCE,-1.1.46,-12.31.45,Rome,423025,Cicero,Servius Sulpicius Rufus,Achaia,573049,,,T. Pomponius Atticus,,,,,,,
Fam. 13.19,46; 45 BCE,-1.1.46,-12.31.45,Rome,423025,Cicero,Servius Sulpicius Rufus,Achaia,573049,,,Lyso of Patrae; C. Julius Caesar; C. Maenius Gemellus,,,,Patrae,570567,,
Fam. 13.20,46; 45 BCE,-1.1.46,-12.31.45,Rome,423025,Cicero,Servius Sulpicius Rufus,Achaia,573049,,,Asclapo of Patrae,,,,Patrae,570567,,
Fam. 13.21,46; 45 BCE,-1.1.46,-12.31.45,Rome,423025,Cicero,Servius Sulpicius Rufus,Achaia,573049,,,M. Aemilius Avianius,,Gaius Avianius Hammonius (avianius' freedman),,Sicyon; Cibyra,570668; 638804,,
Fam. 13.22,46; 45 BCE,-1.1.46,-12.31.45,Rome,423025,Cicero,Servius Sulpicius Rufus,Achaia,573049,,,T. Manlius; A. Terentius Varro Murena,,,,Thespiae,541141,,
Fam. 13.23,46; 45 BCE,-1.1.46,-12.31.45,Rome,423025,Cicero,Servius Sulpicius Rufus,Achaia,573049,,,L. Cossinius; T. Pomponius Atticus,,L. Cossinius Anchialus (Cossinius' freedman),,,,,
Fam. 13.24,46; 45 BCE,-1.1.46,-12.31.45,Rome,423025,Cicero,Servius Sulpicius Rufus,Achaia,573049,,,Lyso of Patrae,,,,,,,
Fam. 13.25,46; 45 BCE,-1.1.46,-12.31.45,Rome,423025,Cicero,Servius Sulpicius Rufus,Achaia,573049,,,Hegesaretus of Larissa,,,,Larissa,550686,,
Fam. 13.26,46; 45 BCE,-1.1.46,-12.31.45,Rome,423025,Cicero,Servius Sulpicius Rufus,Achaia,573049,,,L. Mescinius Rufus; M. Mindius; M. Aemilius Lepidus,,,,Elis,573200,,
Fam. 13.27,46; 45 BCE,-1.1.46,-12.31.45,Rome,423025,Cicero,Servius Sulpicius Rufus,Achaia,573049,,,M. Aemilius Avianius; Servius Sulpicius Rufus Minor,,Gaius Avianius Hammonius (avianius' freedman),,,,,
Fam. 13.28a,46; 45 BCE,-1.1.46,-12.31.45,Rome,423025,Cicero,Servius Sulpicius Rufus,Achaia,573049,,,L. Mescinius Rufus; M. Minidus; Oppia,,,,,,,
Fam. 13.28b,46; 45 BCE,-1.1.46,-12.31.45,Rome,423025,Cicero,Servius Sulpicius Rufus,Achaia,573049,,,Philippus,,,,Greece,1001896,Lacedaemonians,570406
Fam. 13.29,early 46 BCE,-1.1.46,-3.31.46,Rome,423025,Cicero,L. Munatius Plancus,Africa,775,,,C. Aetius Capito; T. Antistius; Cn. Pompeius Magnus; C. Julius Caesar; A. Plautius; L. Aemilius Lepidus Paullus; C. Claudius Marcellus Minor,,,,Macedonia; Bithynia; Apollonia; Corcyra,981531; 844879; 501355; 530834,,
Fam. 13.30,46; 45 BCE,-1.1.46,-12.31.45,Rome,423025,Cicero,Manius Acilius Glabrio,Sicily,462492,,,L. Manlius Sosis,,,,Catina; Naples,462270; 433014,,
Fam. 13.31,46; 45 BCE,-1.1.46,-12.31.45,Rome,423025,Cicero,Manius Acilius Glabrio,Sicily,462492,,,C. Flavius; L. Flavius; C. Calpurnius Piso Frugi,,,,,,,
Fam. 13.32,46; 45 BCE,-1.1.46,-12.31.45,Rome,423025,Cicero,Manius Acilius Glabrio,Sicily,462492,,,M. Clodius Archagathus; C. Clodius Philo,,,,Halaesa,462225,,
Fam. 13.33,46; 45 BCE,-1.1.46,-12.31.45,Rome,423025,Cicero,Manius Acilius Glabrio,Sicily,462492,,,Cn. Otacilius Naso,,Hilarus (Naso's freedmen); Antigonus (Naso's freedmen); Demostratus (Naso's freedmen),,,,,
Fam. 13.34,46; 45 BCE,-1.1.46,-12.31.45,Rome,423025,Cicero,Manius Acilius Glabrio,Sicily,462492,,,Lyso of Lilybaeum,,,,Lilybaeum,462281,,
Fam. 13.35,46; 45 BCE,-1.1.46,-12.31.45,Rome,423025,Cicero,Manius Acilius Glabrio,Sicily,462492,,,C. Avianius Philoxenus; C. Avianius Flaccus,,,,Novum Comum,383627,,
Fam. 13.36,46; 45 BCE,-1.1.46,-12.31.45,Rome,423025,Cicero,Manius Acilius Glabrio,Sicily,462492,,,Demetrius Megas; Publius Cornelius Dolabella; C. Julius Caesar ,,,,,,,
Fam. 13.37,46; 45 BCE,-1.1.46,-12.31.45,Rome,423025,Cicero,Manius Acilius Glabrio,Sicily,462492,,,Hippias of Calacte; Philoxenus of Calacte,,,,Calacte,462123,,
Fam. 13.38,46; 45 BCE,-1.1.46,-12.31.45,Rome,423025,Cicero,Manius Acilius Glabrio,Sicily,462492,,,L. Bruttius,,,,,,,
Fam. 13.39,46; 45 BCE,-1.1.46,-12.31.45,Rome,423025,Cicero,Manius Acilius Glabrio,Sicily,462492,,,M. Titurnius Rufus,,,,,,,
Fam. 13.40,55 BCE,-1.1.55,-12.31.55,Rome,423025,Cicero,Q. Ancharius,Macedonia,981531,,,Lucius Aurelius Minor; Gaius Aurelius; Lucius Aurelius,,,,,,,
Fam. 13.41,61; 60 BCE,-1.1.61,-12.31.60,Rome,423025,Cicero,L. Culleolus,Illyricum,481865,,,L. Lucceius; Cn. Pompeius Magnus,,,,,,,
Fam. 13.42,61; 60 BCE,-1.1.61,-12.31.60,Rome,423025,Cicero,L. Culleolus,Illyricum,481865,,,L. Lucceius; Cn. Pompeius Magnus,,,,,,inhabitants of Bullis,481865
Fam. 13.43,November 47 BCE; February 46 BCE,-11.15.47,-2.28.46,Rome,423025,Cicero,Quintus Gallus,Asia,991380,,,Lucius Oppius; Marcus Oppius; L. Egnatius Rufus,,,,Philomelium,609501,,
Fam. 13.44,46 BCE,-1.1.46,-12.31.46,Rome,423025,Cicero,Quintus Gallus,Asia,991380,,,Lucius Oppius; L Egnatius Rufus,,,,,,,
Fam. 13.45,46 BCE,-1.1.46,-12.31.46,Rome,423025,Cicero,Appuleius,Asia,991380,,,L. Egnatius Rufus,,Anchialus (Egnatius' slave),,,,,
Fam. 13.46,46 BCE,-1.1.46,-12.31.46,Rome,423025,Cicero,Appuleius,Asia,991380,,,,,L. Nostius Zoilus (freedman of L. Nostius),,,,,
Fam. 13.47,51 BCE,-1.1.51,-12.31.51,Rome,423025,Cicero,P. Silius Nerva,Bithynia,844879,,,L. Egnatius Rufus,,,,,,,
Fam. 13.48,early 49 BCE,-1.1.49,-3.31.49,Italy,1052,Cicero,C. Sextilius Rufus,Cyprus,981516,,,P. Lentulus Spinther,,,,Paphos,707596,,
Fam. 13.49,Unknown,,,Unknown,,Cicero,Vibius Curius,Unknown,,,,Quintus Pompeius; Sextus Pompeius,,,,,,,
Fam. 13.50,January 44 BCE,-1.1.44,-1.31.44,Rome,423025,Cicero,Manius Acilius Glabrio,Achaia,573049,,,Manius Curius,,,,Brundisium; Patrae,442509; 570567,,
Fam. 13.51,Unknown,,,Rome,423025,Cicero,Publius Caesius,Unknown,,,,P. Messenius,,,,,,,
Fam. 13.52,46; 45 BCE,-1.1.46,-12.31.45,Rome,423025,Cicero,Q. Marcius Rex,Sicily,462492,,,Aulus Licinius Aristoteles; C. Julius Caesar,Cn. Pomeius Magnus,,,Melite,540941,,
Fam. 13.53,end of 51 BCE,-10.1.51,-12.31.51,Cilicia,628957,Cicero,Q. Minucius Thermus,Asia,991380,,,L. Genucilius Curvus,,,,Hellespont; Parium,981526; 511354,,
Fam. 13.54,February 50 BCE,-2.1.50,-2.28.50,Laodicae,897792,Cicero,Q. Minucius Thermus,Asia,991380,,,M. Marcilius,,,,Laodicea,897792,,
Fam. 13.55,Late 51 BCE,-10.1.51,-12.31.51,Tarsus,648789,Cicero,Q. Minucius Thermus,Asia,991380,,,M. Anneius,,,,Ephesus; Sardis,599612; 550867,,
Fam. 13.56,late 51 BCE,-10.1.51,-12.31.51,Cilicia,628957,Cicero,Q. Minucius Thermus,Asia,991380,,,Cluvis of Puteoli; Euthydemus; Philotes of Alabanda; Cn. Pompeius Magnus,,,,Puteoli; Rome,432815; 423025,people of Mylasa; people of Alabanda; people of Caunus; Heraclea; Bargylia,599809; 599479; 638796; 638857; 599550
Fam. 13.57,March 50 BCE,-3.1.50,-3.31.50,Laodicae,897792,Cicero,Q. Minucius Thermus,Asia,991380,,,M. Anneius,,,,Syria; Cilicia; Sardis; Ephesus,609538; 628957; 550867; 599612,,
Fam. 13.58,February 50 BCE,-2.1.50,-2.28.50,Laodicae,897792,Cicero,C. Titius Rufus,Rome,423025,,,L. Custidius,,,,,,,
Fam. 13.59,February 50 BCE,-2.1.50,-2.28.50,Laodicae,897792,Cicero,Curtius Peducaeanus,Rome,423025,,,M. Fadius Gallus,,,,,,,
Fam. 13.60,57 BCE (after his return from exile),-8.6.31,-12.31.57,Rome,423025,Cicero,C. Munatius,Unknown,,,,L. Regulus,,L. Livineius Trypho (regulus' freedman),,,,,
Fam. 13.61,late 51 BCE,-10.1.51,-12.31.51,Cilicia,628957,Cicero,P. Silius Nerva,Bithynia and Pontus,844879; 981512 ,,,T. Pinnius,,,,,,people of Nicaea,
Fam. 13.62,late 51 BCE,-10.1.51,-12.31.51,Cilicia,628957,Cicero,P. Silius Nerva,Bithynia,844879,,,Atilius; L. Aelius Lamia; Quintus Tullius Cicero,,,,,,Roman knight,423025
Fam. 13.63,April 4 50 BCE,-4.4.50,-4.4.50,Laodicae,897792,Cicero,P. Silius Nerva,Bithynia and Pontus,844879; 981512,,,M. Laenius Flaccus,,,,,,,
Fam. 13.64,April 50 BCE,-4.1.50,-4.30.50,Laodicae,897792,Cicero,P. Silius Nerva,Bithynia,844879,,,Tiberius Claudius Nero; Pausanias of Alabanda; Strabo Servilius,,,,Alabanda,,Nysaeans,
Fam. 13.65,late 51 BCE,-10.1.51,-12.31.51,Cilicia,628957,Cicero,P. Silius Nerva,Bithynia and Pontus,844879; 981512,,,P. Terentius Hispo,,,,Ephesus,599612,Greeks,1001896
Fam. 13.66,January 45 BCE,-1.1.45,-1.31.45,Rome,423025,Cicero,P. Servilius Vatia Isauricus,Asia,991380,,,Aulus Caecina,C. Julius Caesar,,,,,,
Fam. 13.67,46; 44 BCE,-1.1.46,-12.31.44,Rome,423025,Cicero,P. Servilius Vatia Isauricus,Asia,991380,,,Andro of Laodicae; Artemo of Laodicae,,,,Synnada; Cibrya; Apamea; Cilicia; Laodicea,,,
Fam. 13.68,October 46 CE,-10.1.46,-10.31.46,Rome,423025,Cicero,P. Servilius Vatia Isauricus,Asia,991380,,,C. Julius Caesar,P. Servilius Vatia Isauricus (father),,,,,,
Fam. 13.69,46 BCE,-1.1.46,-12.31.46,Rome,423025,Cicero,P. Servilius Vatia Isauricus,Asia,991380,,,Marcus Curtius Postumus,,C. Curtius Mithres (Postumus' freedman),,Ephesus,599612,Colophonian,
Fam. 13.70,46; 44 BCE,-1.1.46,-12.31.44,Rome,423025,Cicero,P. Servilius Vatia Isauricus,Asia,991380,,,T. Ampius Balbus,,T. Amius Menander (Balbus' freedman),,,,,
Fam. 13.71,46; 44 BCE,-1.1.46,-12.31.44,Rome,423025,Cicero,P. Servilius Vatia Isauricus,Asia,991380,,,T. Agusius,,,,,,,
Fam. 13.72,46; 45 BCE,-1.1.46,-12.31.45,Rome,423025,Cicero,P. Servilius Vatia Isauricus,Asia,991380,,,Caerellia; C. Vennonius,,,,,,,
Fam. 13.73,last half 46 BCE,-7.31.46,-12.31.46,Tusculum,423108,Cicero,Q. Marcius Philippus,Asia,991380,,,Antipater of Derbe;  L. Egnatius Rufus; Lucius Oppius,,,,Derbe,648620,,
Fam. 13.74,46 BCE,-1.1.46,-12.31.46,Rome,423025,Cicero,Q. Marcius Philippus,Asia,991380,,,Lucius Oppius; L. Egnatius Rufus,,,,,,,
Fam. 13.75,52; 51 BCE,-1.1.52,-12.31.51,Rome,423025,Cicero,T. Titius,Sicily,462492,,,C. Avianius Flaccus; Cn. Pompeius Magnus,,,,,,,
Fam. 13.76,Unknown (Cicero's consulship?),-1.1.63,-12.31.63,Rome,423025,Cicero,Quattuorviri; Decuriones,Fabrateria,432826,,,Q. Hippius; C. Valgius Hippianus,,,,territory of Fregellae,432846,,
Fam. 13.77,Autumn 46 BCE,-9.1.46,-11.1.46,Rome,423025,Cicero,Publius Sulpicius Rufus,Illyricum,481865,,,M. Bolanus,,Dionysius (Cicero's slave),,Narona,,,
Fam. 13.78,47; 46 BCE,-1.1.47,-12.31.46,Rome,423025,Cicero,Aulus Allienus,Sicily,462492,,,Democritus of Sicyon,,,,Sicyon; Achaia,570668; 573049,Greeks,1001896
Fam. 13.79,47; 46 BCE,-1.1.47,-12.31.46,Rome,423025,Cicero,Aulus Allienus,Sicily,462492,,,C. Avianius Flaccus; M. Avianius Flaccus,,,,,,,
Fam. 14.1,November 25 58 BCE,-11.25.58,-11.25.58,Thessalonica; Dyrrachium,491741; 573193,Cicero,Terentia; Tullia; Marcus Tullius Cicero Minor,Rome,423025,,,P. Cornelius Lentulus Spinther; Cn. Pompeius Magnus; C. Julius Caesar; C. Calpurnius Piso Frugi; Lucius Calpurnius Piso Caesoninus; Cn. Plancius; Quintus Tullius Cicero,,,,Epirus; Italy,530871; 1052,,
Fam. 14.2,October 5 58 BCE,-10.5.58,-10.5.58,Thessalonica,491741,Cicero,Terentia; Tullia; Marcus Tullius Cicero Minor,Rome,423025,,,C. Calpurnius Piso Frugi; Cn. Pompeius Magnus; P. Valerius; Marcus Licinius Crassus,,,,,,,
Fam. 14.3,November 29 58 BCE,-11.29.58,-11.29.58,Dyrrachium,573193,Cicero,Terentia; Tullia; Marcus Tullius Cicero Minor,Rome,423025,,,Dexippus; Aristocritus; C. Calpurnius Piso Frugi,,,,Epirus,530871,,
Fam. 14.4,April 29 58 BCE,-4.29.58,-4.29.58,Brundisium,442509,Cicero,Terentia; Tullia; Marcus Tullius Cicero Minor,Rome,423025,,,M. Laenius Flaccus; C. Calpurnius Piso Frugi,,Orpheus; Clodius Philetaerus; Sallustius; Pescennius (Cicero's Freedmen); Sicca,,Cyzicum; Macedonia,511218; 981531,,
Fam. 14.5,October 16 50 BCE,-10.16.50,-10.16.50,Athens,579885,Cicero,Terentia; Tullia,Rome,423025,,,Marcus Tullius Cicero Minor; Lucius Precius; T. Pomponius Atticus; Camillus,,Acastus (Cicero's),,Italy,1052,,
Fam. 14.6,July 15 48 BCE,-7.15.48,-7.15.48,Dyrrachium,573193,Cicero,Terentia; Tullia,Rome,423025,,,,,Pollex (Cicero's),,,,,
Fam. 14.7,June 11 49 BCE,-6.11.49,-6.11.49,Port at Caieta,432734,Cicero,Terentia; Tullia,Cumae,432808,,,Marcus Tullius Cicero Minor,,,,Arpinum,432700,,
Fam. 14.8,June 2 47 BCE,-6.2.47,-6.2.47,Brundisium,442509,Cicero,Terentia,Rome,423025,,,C. Julius Caesar,,,,,,,
Fam. 14.9,December 17 48 BCE,-12.17.48,-12.17.48,Brundisium,442509,Cicero,Terentia,Rome,423025,,,Tullia; Publius Cornelius Dolabella,,,,,,,
Fam. 14.10,July 9 47 BCE,-7.9.47,-7.9.47,Brundisium,442509,Cicero,Terentia,Rome,423025,,,T. Pomponius Atticus,,,,,,,
Fam. 14.11,June 14 47 BCE,-6.14.47,-6.14.47,Brundisium,442509,Cicero,Terentia,Rome,423025,,,Tullia; Marcus Tullius Cicero Minor; C. Julius Caesar; Cn. Sallustius,,,,,,,
Fam. 14.12,November 4 48 BCE,-11.4.48,-11.4.48,Brundisium,442509,Cicero,Terentia,Rome,423025,,,,,,,Italy,1052,,
Fam. 14.13,July 10 47 BCE,-7.10.47,-7.10.47,Brundisium,442509,Cicero,Terentia,Rome,423025,,,,Tullia; Publius Cornelius Dolabella,,,,,,
Fam. 14.14,January 23 49 BCE,-1.23.49,-1.23.49,Minturnae,432940,Cicero,Terentia; Tullia,Rome,423025,,,Marcus Tullius Cicero Minor; C. Julius Caesar; T. Pomponius Atticus; Camillus; T. Labienus; Publius Cornelius Dolabella; L. Calpurnius Piso Caesoninus; Quintus Tullius Cicero; L. Mescinius Rufus,Quintus Tullius Cicero Minor,,,,,,
Fam. 14.15,June 19 47 BCE,-6.19.47,-6.19.47,Brundisium,442509,Cicero,Terentia,Rome,423025,,,Marcus Tullius Cicero Minor; C. Julius Caesar; Sicca; Tullia,,,,,,,
Fam. 14.16,January 4 47 BCE,-1.4.47,-1.4.47,Brundisium,442509,Cicero,Terentia,Rome,423025,,,Volumnia,,,,,,,
Fam. 14.17,Decmeber 24 48 BCE,-12.24.48,-12.24.48,Brundisium,442509,Cicero,Terentia,Rome,423025,,,Q. Lepta; C. Trebatius Testa; Tullia,,,,,,,
Fam. 14.18,January 22 49 BCE,-1.22.49,-1.22.49,Formiae,432839,Cicero,Terentia; Tullia,Rome,423025,,,Marcus Tullius Cicero Minor; Publius Cornelius Dolabella,,Philotimus (Cicero's freedmman),,,,,
Fam. 14.19,November 27 48 BCE,-11.27.48,-11.27.48,Brundisium,442509,Cicero,Terentia,Rome,423025,,,Tullia; T. Pomponius Atticus,,,,,,,
Fam. 14.20,October 1 47 BCE,-10.1.47,-10.1.47,Venusia,442847,Cicero,Terentia,Rome,423025,,,,,,,Tusculum,423108,,
Fam. 14.21,early June 47 BCE,-6.2.47,-6.15.47,Brundisium,442509,Cicero,Terentia,Rome,423025,,,,,,,,,,
Fam. 14.22,September 1 47 BCE,-9.1.47,-9.1.47,Brundisium,442509,Cicero,Terentia,Rome,423025,,,,,,,,,,
Fam. 14.23,August 12 47 BCE,-8.12.47,-8.12.47,Brundisium,442509,Cicero,Terentia,Rome,423025,,,C. Julius Caesar,,,,,,,
Fam. 14.24,August 11 47 BCE,-8.11.47,-8.11.47,Brundisium,442509,Cicero,Terentia,Rome,423025,,,C. Julius Caesar,,Philotimus,,,,,
Fam. 15.1,September 18 51 BCE,-9.18.51,-9.18.51,Cybistra,648614,Cicero,Consuls; Praetors; Tribunes of the Plebs; Senate; People; Plebs of Rome,Rome,423025,,,Antiochus I Theos (Dikaios Epiphanes Philorhomaios Philhellen) of Commagene; Marcus Calpurnius Bibulus; Pacorus I; Orodes II; Tarcondimotus I; Iamblichus I (phylarch); Deiotarus Of Galatia,,,,Euphrates; Syria; Commagene; Cilicia; Tyba; Mount Taurus; Lycaonia; Cappadocia; Asia,912849; 845004; 658443; 628957; 658630; 649792; 982262; 628949; 991380,Parthians; Arabs; Roman People,952097; 29475; 423025
Fam. 15.2,September 21; 22 51 BCE,-9.21.51,-9.22.51,Cybistra,648614,Cicero,Consuls; Praetors; Tribunes of the Plebs; Senate; People; Plebs of Rome,Rome,423025,,,Deiotarus Of Galatia; Artavasdes II of Armenia; Ariobarzanes III; Ariarathes X of Cappadocia,Ariobarzanes II of Cappadocia; Ariobarzanes I of Cappadocia,,,Syria; Lycaonia; Isauria; Cappadocia; Cilicia; Mount Taurus; Armenia,845004; 982262; 648653; 628949; 649792; 874350,Parthians,952097
Fam. 15.3,August 28 51 BCE,-8.28.51,-8.28.51,Iconium,648647,Cicero,M. Porcus Cato Uticensis,Rome,423025,,,Antiochus I Theos (Dikaios Epiphanes Philorhomaios Philhellen) of Commagene;  Marcus Calpurnius Bibulus,,,,Commagene; Syria; Euphrates; Cappadocia; Ephesus,658443; 845004; 912849; 628949; 599612,Armenian; Parthian,874350; 952097
Fam. 15.4,January 50 BCE,-1.1.50,-1.31.50,Tarsus,648789,Cicero,M. Porcus Cato Uticensis,Rome,423025,,,M. Anneius; Deiotarus of Galatia; Ariobarzanes III; Athenais Philostorgos II; Metras; Athenaeus; Marcus Calpurnius Bibulus; Quintus Tullius Cicero; C. Pomptinus; L. Tullius; T. Annius Milo,Antiochus I Theos (Dikaios Epiphanes Philorhomaios Philhellen) of Commagene; P. Cornelius Lentulus Spinther,,,Laodicea; Apamea; Synnada; Philomelum; Iconium; Lycaonia; Cilicia; Commagene; Cappadocia; Cybistra; Syria; Mt. Amanus; Mount Taurus; Asia; Antioch; Epiphanea; Sepyra; Commoris; Altars of Alexander (near Issus); Pindenissus; Eleutherocilices; Erana; Cyprus,897792; 897711; 609538; 609501; 648647; 982262; 628957; 658443; 628949; 648614; 845004; 658376; 649792; 991380; 658381; 707439; 662211; 662154; 658490; 662197; eleutherocilicum unknown (Pindenissus); 662159; 981516,Parthians; Arabs; inhabitants of Tebara,952097; 29475; tebara unknown
Fam. 15.5,April 13; 22 50 BCE,-4.13.50,-4.22.50,Rome,423025,M. Porcus Cato Uticensis,Cicero,Cilicia,628957,,,Ariobarzanes III,,,,,,,
Fam. 15.6,end of July 50 BCE,-8.20.50,-8.31.50,Tarsus,648789,Cicero,M. Porcus Cato Uticensis,Rome,423025,,,,,,Hector; Cn. Naevius,,,,
Fam. 15.7,early September 51 BCE,-9.3.51,-9.15.51,Iconium and Cybistra/ Lycaonia?,648698,Cicero,C. Claudius Marcellus Minor,Rome,423025,,,,C. Claudius Marcellus; Junia,,,,,,
Fam. 15.8,early September 51 BCE,-9.3.51,-9.15.51,Iconium and Cybistra/ Lycaonia?,648698,Cicero,C. Claudius Marcellus,Rome,423025,,,C. Claudius Marcellus Minor; Junia,,,,,,,
Fam. 15.9,early September 51 BCE,-9.3.51,-9.15.51,Iconium and Cybistra/ Lycaonia?,648698,Cicero,M. Claudius Marcellus,Rome,423025,,,C. Claudius Marcellus Minor,,,,,,Parthians,952097
Fam. 15.10,January 50 BCE,-1.1.50,-1.31.50,Tarsus,648789,Cicero, C. Claudius Marcellus Minor,Rome,423025,,,Marcelli; Marcellini,C. Claudius Marcellus; M. Claudius Marcellus; P. Cornelius Lentulus Marcellinus; P. Cornelius Lentulus Marcellinus Minor; Cn. Cornelius Lentulus Marcellinus,,,,,,
Fam. 15.11,late July 50 BCE,-7.15.50,-7.31.50,Tarsus,648789,Cicero, C. Claudius Marcellus Minor,Rome,423025,,,,C. Claudius Marcellus,,,,,,
Fam. 15.12,early September 51 BCE,-9.3.51,-9.15.51,Iconium and Cybistra/ Lycaonia?,648698,Cicero,L. Aemilius Lepidus Paullus,Rome,423025,,,,,,,,,,
Fam. 15.13,January 50 BCE,-1.1.50,-1.31.50,Tarsus,648789,Cicero,L. Aemilius Lepidus Paullus,Rome,423025,,,,,,,,,,
Fam. 15.14,October 13; 15 51 BCE,-10.13.51,-10.15.51,Altars of Alexander/Issus,658490,Cicero,C. Cassius Longinus,Syria,845004,,,M. Fadius Gallus; L. Aemilius Lepidus Paullus; C. Scribonius Curio; Marcus Junius Brutus; C. Furnius,Q. Cassius Longinus,,,Rome,423025,,
Fam. 15.15,August 47 BCE,-8.1.47,-8.31.47,Brundisium,442509,Cicero,C. Cassius Longinus,Rhodes,590031,,,Pharnaces II of Pontus; C. Julius Caesar,,,,Africa; Asia; Achaia; Battle at Pharsalia; Alexandrian War; italy; Luceria,775; 991380; 573049; 541042; 59669; 1052; 442640,,
Fam. 15.16,mid January 45 BCE,-1.13.45,-1.18.45,Rome,423025,Cicero,C. Cassius Longinus,Brundisium,442509,,,Catius the Insubrian,C. Julius Caesar,,Epicurus; Democritus,Isle of Britian,20419,Gargettian; Insubrian,579935; 383678
Fam. 15.17,early January 45 BCE,-1.1.45,-1.10.45,Rome,423025,Cicero,C. Cassius Longinus,Brundisium,442509,,,Publius Cornelius Sulla; C. Julius Caesar; M. Mindius Marcellus; Attius (pigmentarius); C. Vibius Pansa Caetronianus ,,,,Spain,992072,,
Fam. 15.18,December 46 BCE,-12.1.46,-12.31.46,Rome,423025,Cicero,C. Cassius Longinus,Brundisium,442509,,,,,,Plato,Spain,992072,,
Fam. 15.19,end of January 45 BCE,-1.15.45,-1.31.45,Brundisium,442509,C. Cassius Longinus,Cicero,Rome,423025,,,C. Vibius Pansa Caetronianus; Catius the Insubrian; Publius Cornelius Sulla; C. Julius Caesar; Gnaeus Pompeius; Publius Cornelius Sulla Minor,,,Epicurus; C. Amafinius,Spain,992072,Athenian,579885
Fam. 15.20,Late Decmeber 46 BCE,-12.15.46,-12.31.46,Rome,423025,Cicero,C. Trebonius,Asia,991380,,,Decimus Junius Brutus Albinus,Publius Ventidius Bassus ,Sabinus (Trebonius' servant),,Cures,413114,,
Fam. 15.21,December 46 BCE,-12.1.46,-12.31.46,Rome,423025,Cicero,C. Trebonius,Spain,992072,,,C. Licinius Macer Calvus,,,,Brundisium,442509,,
Fam. 16.1,November 3 50 BCE,-11.3.50,-11.3.50,Patrae to Alyzia,570567; 530793,Cicero,Marcus Tullius Tiro,Patrae,570567,,,Marcus Tullius Cicero Minor,Quintus Tullius Cicero: Quintus Tullius Cicero Minor,Mario (Cicero's slave),,Leucas,530975,,
Fam. 16.2,November 5 50 BCE,-11.5.50,-11.5.50,Alyzia,530793,Cicero,Marcus Tullius Tiro,Patrae,570567,,,,,,,Leucas,530975,,
Fam. 16.3,November 6 50 BCE,-11.6.50,-11.6.50,Alyzia,530793,Cicero,Marcus Tullius Tiro,Patrae,570567,,,Quintus Tullius Cicero; Quintus Tullius Cicero Minor; Marcus Tullius Cicero Minor,,Mario (Cicero's slave),,,,,
Fam. 16.4,November 7 50 BCE,-11.7.50,-11.7.50,Leucas,530975,Cicero,Marcus Tullius Tiro,Patrae,570567,,,Marcus Tullius Cicero Minor; Quintus Tullius Cicero; Lyso of Patrae; Manius Curius; L. Mescinius Rufus; Q. Lepta; Quintus Tullius Cicero Minor,Asclapo of Patrae,,,,,Greeks,1001896
Fam. 16.5,November 7 50 BCE,-11.7.50,-11.7.50,Leucas,530975,Cicero,Marcus Tullius Tiro,Patrae,570567,,,Lyso of Patrae: Marcus Tullius Cicero Minor; Quintus Tullius Cicero; Quintus Tullius Cicero Minor; Xenomenes; Manius Curius,Asclapo of Patrae,Mario (Cicero's slave); Acastus (Cicero's),,Thyrreum,531123,,
Fam. 16.6,November 7 50 BCE,-11.7.50,-11.7.50,Actium,530772,Cicero,Marcus Tullius Tiro,Patrae,570567,,,Marcus Tullius Cicero Minor; Quintus Tullius Cicero; Quintus Tullius Cicero Minor,,,,Italy,1052,,
Fam. 16.7,November 16 50 BCE,-11.16.50,-11.16.50,Corcyra,530834,Cicero,Marcus Tullius Tiro,Patrae,570567,,,Quintus Tullius Cicero; Quintus Tullius Cicero Minor; Marcus Tullius Cicero Minor,,,,Buthrotum,530824,,
Fam. 16.8,February 2 49 BCE,-2.2.49,-2.2.49,Formiae,432839,Quintus Tullius Cicero,Marcus Tullius Tiro,Patrae,570567,,,Quintus Tullius Cicero Minor,,,Euripides,,,,
Fam. 16.9,November 26 50 BCE,-11.26.50,-11.26.50,Brundisium,442509,Cicero,Marcus Tullius Tiro,Patrae,570567,,,Marcus Tullius Cicero Minor; Quintus Tullius Cicero; Terentia; Cn. Plancius; Asclapo of Patrae; Lyso of Patrae; Manius Curius; L. Mescinius Rufus,,,,Actium; Corcyra; Cassiope; Leucas; Hyndruns; Italy; Rome,530772; 530834; cassiope unknown (N of corcyra); 530975; 442615; 1052; 423025,,
Fam. 16.10,April 17 54;  53 BCE,-4.17.54,-4.17.53,Cumae,432808,Cicero,Marcus Tullius Tiro,Patrae,570567,,,Cn. Pompeius Magnus,,Acastus (Cicero's),,Formiae,432839,,
Fam. 16.11,January 12 49 BCE,-1.12.49,-1.12.49,Rome,423025,Cicero,Marcus Tullius Tiro,Patrae,570567,,,Marcus Tullius Cicero Minor; Quintus Tullius Cicero; Quintus Tullius Cicero Minor; Terentia; Tullia; Manius Curius; C. Julius Caesar; M. Antonius; C. Scribonius Curio; Q. Cassius Longinus; Cn. Pompeius Magnus;  L. Cornelius Lentulus Crus,,,,Italy; Capua,1052; 432754,,
Fam. 16.12,January 27 49 BCE,-1.27.49,-1.27.49,Capua,432754,Cicero,Marcus Tullius Tiro,Patrae,570567,,,C. Julius Caesar; Cn. Pompeius Magnus; L. Domitius Ahenobarbus; Considius Nonianus; Lucius Afranius; A. Terentius Varro Murena; T. Labienus; Publius Cornelius Dolabella; M. Petreius; M. Volusius; Terentia; Tullia; Marcus Tullius Cicero Minor,,,,Ariminum Pisaurum; Ancona; Arretium; Spain; Northern gaul; Southern Gaul; Rome; Spain; Formiae,393379; 413256; 413014; 413032; 993; 1052; 992072; 432839,Transpadani,383801
Fam. 16.13,April 8 53 BCE,-4.8.53,-4.8.53,Cumae,432808,Cicero,Marcus Tullius Tiro,Formiae,432839,,,,,Menander/Andricus,,,,,
Fam. 16.14,April 10 53 BCE,-4.10.53,-4.10.53,Cumae,432808,Cicero,Marcus Tullius Tiro,Formiae,432839,,,Ummius,,Menander/Andricus; Ummius; Acastus,,,,,
Fam. 16.15,April 12 53 BCE,-4.12.53,-4.12.53,Cumae,432808,Cicero,Marcus Tullius Tiro,Formiae,432839,,,Hermia,,Aegypta,,,,,
Fam. 16.16,May 53 BCE,-5.1.53,-5.31.53,Transalpine Gaul,981537,Quintus Tullius Cicero,Cicero,Cumae,432808,,,Marcus Tullius Tiro; Tullia; Quintus Tullius Cicero Minor,Marcus Tullius Cicero Minor,Statius (Quintus' slave); Sabinus (Trebonius' servant),,,,,
Fam. 16.17,July 46 BCE,-7.1.46,-7.31.46,Tusculum,423108,Cicero,Marcus Tullius Tiro,Rome,423025,,,P. Cuspius; Theophrastus,,Demetrius of Sadara (Pompey's freedman),,,,,
Fam. 16.18,late December 45 BCE,-12.15.45,-12.31.45,Rome,423025,Cicero,Marcus Tullius Tiro,Tusculum,423108,,,A. Ligurius; C. Julius Caesar; Paredus (market-gardener); Helico; (gardener); Motho (Cicero's gardener),,,Sophocles,Crabra (aqueduct from Tusculum from Rome),not able to find,,
Fam. 16.19,July 46 BCE,-7.1.46,-7.31.46,Tusculum,423108,Cicero,Marcus Tullius Tiro,Rome,423025,,,Sextus Aufidius,,Demetrius of Sadara (Pompey's freedman),,,,,
Fam. 16.20,late December 45 BCE,-12.15.45,-12.31.45,Rome,423025,Cicero,Marcus Tullius Tiro,Tusculum,423108,,,Metrodorus,Motho (Cicero's gardener),,,,,,
Fam. 16.21,Early August 44 BCE,-8.1.44,-9.10.44,Athens,579885,Marcus Tullius Cicero Minor,Marcus Tullius Tiro,Rome,423025,,,Cratippus of Mitylene; Bruttius; Epicrates; Cassius; Leonides; Gorgias,Cicero,Anterus (Marcus' slave),,,,,
Fam. 16.22,July 46 BCE,-7.1.46,-7.31.46,Tusculum,423108,Cicero,Marcus Tullius Tiro,Rome,423025,,,Demetrius; Marcus Porcius Cato Uticensis; Tertia; Publilius,,Demetrius of Sadara (Pompey's freedman); Bellienus (slave of Demetrius; 8.15),,Phalerum,580072,,
Fam. 16.23,May 31 44 BCE,-5.31.44,-5.31.44,Tusculum,423108,Cicero,Marcus Tullius Tiro,Rome,423025,,,P. Servilius Vatia Isauricus; Q. Pompeius Bithynicus; M. Antonius; Q. Lepta; Lucius Cornelius Balbus; T. Pomponius Atticus,Quintus Tullius Cicero Minor,,,,,,
Fam. 16.24,mid November 44 BCE,-11.13.44,-11.18.44,Arpinum,432700,Cicero,Marcus Tullius Tiro,Rome,423025,,,Harpalus; Ofillius; Aurelius; Flaminius Flamma; M. Antonius; C. Julius Caesar Octavianus (Augustus); Aulus Hirtius; Lucius Cornelius Balbus; Papia; Publius Cornelius Dolabella,,,,Aquinum,432695,,
Fam. 16.25,October 44 BCE,-10.1.44,-10.31.44,Athens,579885,Marcus Tullius Cicero Minor,Marcus Tullius Tiro,Rome,423025,,,,Cicero,,,,,,
Fam. 16.26,autumn 44 BCE,-9.1.44,-11.1.44,Rome,423025,Quintus Tullius Cicero,Marcus Tullius Tiro,Rome,423025,,,,Cicero; Helvia (mother),,,,,,
Fam. 16.27,late December 44 BCE,-12.21.44,-12.31.44,Rome,423025,Quintus Tullius Cicero,Marcus Tullius Tiro,Rome,423025,,,,Cicero; Aulus Hirtius; C. Vibius Pansa Caetronianus; M. Antonius; Cossutius,,,Caesena ,393397,Gauls,993
